Effective Date,First Name,Last Name,Location,Job Name,GL Code,Labor Task,Deptment,Hours
2026-01-05,Dana,Whitfield,Plant 1,OVERHEAD - General Engineering,6000,PM - Coordination,Engineering,5.0
2026-01-05,Dana,Whitfield,Plant 1,24-1207 Northgate Transit Center,5100,QC - Shop Review,Engineering,0.5
2026-01-05,Dana,Whitfield,Plant 1,25-1130 Fairmount Stadium Risers,5120,ADMIN - Meetings,Engineering,2.5
2026-01-05,Marcus,Ohara,Plant 1,25-1002 Belmont Industrial Phase II,5110,QC - Shop Review,Engineering,8.0
2026-01-05,Priya,Raman,Plant 2,24-1207 Northgate Transit Center,5100,PM - Coordination,Engineering,8.0
2026-01-05,Tomas,Lindqvist,Plant 2,24-1207 Northgate Transit Center,5100,DRAFT - Erection Drawings,Drafting,8.0
2026-01-05,Alice,Boonyasak,Plant 1,24-1207 Northgate Transit Center,5100,QC - Shop Review,Drafting,5.5
2026-01-05,Alice,Boonyasak,Plant 1,24-1207 Northgate Transit Center,5100,DESIGN - Member Design,Drafting,2.0
2026-01-05,Alice,Boonyasak,Plant 1,24-1180 Riverside Parking Structure,5100,DRAFT - Piece Tickets,Drafting,0.5
2026-01-05,Ruben,Castellanos,Plant 3,25-1002 Belmont Industrial Phase II,5110,DESIGN - Member Design,Engineering,6.5
2026-01-05,Ruben,Castellanos,Plant 3,24-1207 Northgate Transit Center,5100,ADMIN - Meetings,Engineering,1.5
2026-01-05,Nia,Okonkwo,Plant 3,24-1180 Riverside Parking Structure,5100,DESIGN - Member Design,QC,8.0
2026-01-05,Sam,Petrov,Plant 2,OVERHEAD - Training,6010,DRAFT - Piece Tickets,QC,8.0
2026-01-05,Iris,Hollander,Plant 1,25-1091 Kestrel Logistics Hub,5120,DRAFT - Piece Tickets,Engineering,5.5
2026-01-05,Iris,Hollander,Plant 1,24-1180 Riverside Parking Structure,5100,ADMIN - Meetings,Engineering,2.5
2026-01-05,Kofi,Mensah,Plant 3,25-1130 Fairmount Stadium Risers,5120,PM - Coordination,Drafting,0.5
2026-01-05,Kofi,Mensah,Plant 3,OVERHEAD - General Engineering,6000,DRAFT - Piece Tickets,Drafting,7.5
2026-01-06,Dana,Whitfield,Plant 1,25-1044 Harborview Medical Deck,5110,DESIGN - Member Design,Engineering,8.0
2026-01-06,Priya,Raman,Plant 2,24-1207 Northgate Transit Center,5100,ADMIN - Meetings,Engineering,6.5
2026-01-06,Priya,Raman,Plant 2,25-1002 Belmont Industrial Phase II,5110,DRAFT - Erection Drawings,Engineering,1.5
2026-01-06,Tomas,Lindqvist,Plant 2,25-1091 Kestrel Logistics Hub,5120,DESIGN - Connection Design,Drafting,2.5
2026-01-06,Tomas,Lindqvist,Plant 2,25-1091 Kestrel Logistics Hub,5120,DESIGN - Member Design,Drafting,5.0
2026-01-06,Tomas,Lindqvist,Plant 2,25-1044 Harborview Medical Deck,5110,DRAFT - Piece Tickets,Drafting,0.5
2026-01-06,Alice,Boonyasak,Plant 1,24-1207 Northgate Transit Center,5100,ADMIN - Meetings,Drafting,4.5
2026-01-06,Alice,Boonyasak,Plant 1,25-1130 Fairmount Stadium Risers,5120,DESIGN - Member Design,Drafting,1.5
2026-01-06,Alice,Boonyasak,Plant 1,OVERHEAD - Training,6010,DRAFT - Piece Tickets,Drafting,2.0
2026-01-06,Ruben,Castellanos,Plant 3,24-1180 Riverside Parking Structure,5100,ADMIN - Meetings,Engineering,5.0
2026-01-06,Ruben,Castellanos,Plant 3,OVERHEAD - Training,6010,DRAFT - Piece Tickets,Engineering,2.0
2026-01-06,Ruben,Castellanos,Plant 3,OVERHEAD - General Engineering,6000,DRAFT - Erection Drawings,Engineering,1.0
2026-01-06,Nia,Okonkwo,Plant 3,25-1044 Harborview Medical Deck,5110,DESIGN - Member Design,QC,1.0
2026-01-06,Nia,Okonkwo,Plant 3,24-1180 Riverside Parking Structure,5100,QC - Shop Review,QC,7.0
2026-01-06,Iris,Hollander,Plant 1,24-1207 Northgate Transit Center,5100,PM - Coordination,Engineering,1.5
2026-01-06,Iris,Hollander,Plant 1,OVERHEAD - Training,6010,QC - Shop Review,Engineering,3.5
2026-01-06,Iris,Hollander,Plant 1,25-1002 Belmont Industrial Phase II,5110,DRAFT - Erection Drawings,Engineering,3.0
2026-01-06,Kofi,Mensah,Plant 3,25-1130 Fairmount Stadium Risers,5120,DESIGN - Member Design,Drafting,2.5
2026-01-06,Kofi,Mensah,Plant 3,25-1091 Kestrel Logistics Hub,5120,DRAFT - Piece Tickets,Drafting,2.5
2026-01-06,Kofi,Mensah,Plant 3,24-1180 Riverside Parking Structure,5100,DESIGN - Connection Design,Drafting,3.0
2026-01-07,Dana,Whitfield,Plant 1,24-1180 Riverside Parking Structure,5100,DESIGN - Connection Design,Engineering,1.5
2026-01-07,Dana,Whitfield,Plant 1,OVERHEAD - Training,6010,DRAFT - Erection Drawings,Engineering,3.5
2026-01-07,Dana,Whitfield,Plant 1,OVERHEAD - Training,6010,PM - Coordination,Engineering,3.0
2026-01-07,Marcus,Ohara,Plant 1,OVERHEAD - General Engineering,6000,DESIGN - Connection Design,Engineering,8.0
2026-01-07,Tomas,Lindqvist,Plant 2,25-1044 Harborview Medical Deck,5110,QC - Shop Review,Drafting,7.0
2026-01-07,Tomas,Lindqvist,Plant 2,25-1130 Fairmount Stadium Risers,5120,ADMIN - Meetings,Drafting,1.0
2026-01-07,Alice,Boonyasak,Plant 1,25-1091 Kestrel Logistics Hub,5120,DESIGN - Member Design,Drafting,2.0
2026-01-07,Alice,Boonyasak,Plant 1,25-1091 Kestrel Logistics Hub,5120,PM - Coordination,Drafting,6.0
2026-01-07,Ruben,Castellanos,Plant 3,25-1091 Kestrel Logistics Hub,5120,DESIGN - Connection Design,Engineering,8.0
2026-01-07,Nia,Okonkwo,Plant 3,25-1130 Fairmount Stadium Risers,5120,DESIGN - Connection Design,QC,8.0
2026-01-07,Sam,Petrov,Plant 2,24-1180 Riverside Parking Structure,5100,DESIGN - Member Design,QC,2.5
2026-01-07,Sam,Petrov,Plant 2,25-1002 Belmont Industrial Phase II,5110,PM - Coordination,QC,5.5
2026-01-07,Iris,Hollander,Plant 1,25-1002 Belmont Industrial Phase II,5110,DESIGN - Connection Design,Engineering,1.5
2026-01-07,Iris,Hollander,Plant 1,25-1002 Belmont Industrial Phase II,5110,DESIGN - Connection Design,Engineering,6.5
2026-01-07,Kofi,Mensah,Plant 3,OVERHEAD - General Engineering,6000,DESIGN - Connection Design,Drafting,8.0
2026-01-08,Dana,Whitfield,Plant 1,25-1044 Harborview Medical Deck,5110,ADMIN - Meetings,Engineering,8.0
2026-01-08,Marcus,Ohara,Plant 1,25-1130 Fairmount Stadium Risers,5120,DESIGN - Connection Design,Engineering,8.0
2026-01-08,Priya,Raman,Plant 2,25-1044 Harborview Medical Deck,5110,ADMIN - Meetings,Engineering,8.0
2026-01-08,Tomas,Lindqvist,Plant 2,OVERHEAD - Training,6010,DESIGN - Connection Design,Drafting,7.0
2026-01-08,Tomas,Lindqvist,Plant 2,25-1002 Belmont Industrial Phase II,5110,PM - Coordination,Drafting,0.5
2026-01-08,Tomas,Lindqvist,Plant 2,25-1044 Harborview Medical Deck,5110,DESIGN - Connection Design,Drafting,0.5
2026-01-08,Alice,Boonyasak,Plant 1,OVERHEAD - General Engineering,6000,DESIGN - Connection Design,Drafting,6.5
2026-01-08,Alice,Boonyasak,Plant 1,25-1091 Kestrel Logistics Hub,5120,DESIGN - Connection Design,Drafting,1.0
2026-01-08,Alice,Boonyasak,Plant 1,OVERHEAD - General Engineering,6000,DRAFT - Erection Drawings,Drafting,0.5
2026-01-08,Ruben,Castellanos,Plant 3,25-1091 Kestrel Logistics Hub,5120,DRAFT - Piece Tickets,Engineering,2.5
2026-01-08,Ruben,Castellanos,Plant 3,25-1091 Kestrel Logistics Hub,5120,DESIGN - Member Design,Engineering,5.5
2026-01-08,Nia,Okonkwo,Plant 3,OVERHEAD - Training,6010,ADMIN - Meetings,QC,8.0
2026-01-08,Sam,Petrov,Plant 2,OVERHEAD - General Engineering,6000,PM - Coordination,QC,1.5
2026-01-08,Sam,Petrov,Plant 2,24-1207 Northgate Transit Center,5100,DESIGN - Connection Design,QC,6.5
2026-01-08,Iris,Hollander,Plant 1,25-1002 Belmont Industrial Phase II,5110,DESIGN - Member Design,Engineering,3.5
2026-01-08,Iris,Hollander,Plant 1,25-1002 Belmont Industrial Phase II,5110,DESIGN - Connection Design,Engineering,4.5
2026-01-08,Kofi,Mensah,Plant 3,25-1091 Kestrel Logistics Hub,5120,DRAFT - Piece Tickets,Drafting,8.0
2026-01-09,Dana,Whitfield,Plant 1,25-1091 Kestrel Logistics Hub,5120,DESIGN - Connection Design,Engineering,7.5
2026-01-09,Dana,Whitfield,Plant 1,OVERHEAD - General Engineering,6000,DRAFT - Erection Drawings,Engineering,0.5
2026-01-09,Marcus,Ohara,Plant 1,25-1002 Belmont Industrial Phase II,5110,QC - Shop Review,Engineering,8.0
2026-01-09,Priya,Raman,Plant 2,25-1044 Harborview Medical Deck,5110,PM - Coordination,Engineering,5.0
2026-01-09,Priya,Raman,Plant 2,25-1002 Belmont Industrial Phase II,5110,PM - Coordination,Engineering,3.0
2026-01-09,Alice,Boonyasak,Plant 1,24-1180 Riverside Parking Structure,5100,QC - Shop Review,Drafting,8.0
2026-01-09,Ruben,Castellanos,Plant 3,OVERHEAD - Training,6010,QC - Shop Review,Engineering,6.5
2026-01-09,Ruben,Castellanos,Plant 3,25-1130 Fairmount Stadium Risers,5120,QC - Shop Review,Engineering,0.5
2026-01-09,Ruben,Castellanos,Plant 3,24-1207 Northgate Transit Center,5100,PM - Coordination,Engineering,1.0
2026-01-09,Nia,Okonkwo,Plant 3,25-1091 Kestrel Logistics Hub,5120,DESIGN - Connection Design,QC,6.5
2026-01-09,Nia,Okonkwo,Plant 3,25-1044 Harborview Medical Deck,5110,PM - Coordination,QC,1.5
2026-01-09,Sam,Petrov,Plant 2,25-1002 Belmont Industrial Phase II,5110,DRAFT - Erection Drawings,QC,4.5
2026-01-09,Sam,Petrov,Plant 2,25-1130 Fairmount Stadium Risers,5120,QC - Shop Review,QC,3.5
2026-01-09,Iris,Hollander,Plant 1,24-1180 Riverside Parking Structure,5100,DRAFT - Erection Drawings,Engineering,7.0
2026-01-09,Iris,Hollander,Plant 1,OVERHEAD - General Engineering,6000,PM - Coordination,Engineering,0.5
2026-01-09,Iris,Hollander,Plant 1,OVERHEAD - General Engineering,6000,ADMIN - Meetings,Engineering,0.5
2026-01-09,Kofi,Mensah,Plant 3,24-1180 Riverside Parking Structure,5100,DESIGN - Connection Design,Drafting,8.0
2026-01-12,Dana,Whitfield,Plant 1,OVERHEAD - General Engineering,6000,DESIGN - Member Design,Engineering,5.0
2026-01-12,Dana,Whitfield,Plant 1,25-1044 Harborview Medical Deck,5110,DESIGN - Connection Design,Engineering,3.0
2026-01-12,Marcus,Ohara,Plant 1,OVERHEAD - Training,6010,DRAFT - Erection Drawings,Engineering,8.0
2026-01-12,Priya,Raman,Plant 2,OVERHEAD - General Engineering,6000,DESIGN - Member Design,Engineering,5.0
2026-01-12,Priya,Raman,Plant 2,OVERHEAD - General Engineering,6000,DRAFT - Piece Tickets,Engineering,3.0
2026-01-12,Tomas,Lindqvist,Plant 2,OVERHEAD - Training,6010,ADMIN - Meetings,Drafting,6.5
2026-01-12,Tomas,Lindqvist,Plant 2,25-1091 Kestrel Logistics Hub,5120,QC - Shop Review,Drafting,0.5
2026-01-12,Tomas,Lindqvist,Plant 2,24-1207 Northgate Transit Center,5100,DESIGN - Member Design,Drafting,1.0
2026-01-12,Alice,Boonyasak,Plant 1,25-1002 Belmont Industrial Phase II,5110,DRAFT - Piece Tickets,Drafting,4.0
2026-01-12,Alice,Boonyasak,Plant 1,OVERHEAD - General Engineering,6000,DESIGN - Member Design,Drafting,0.5
2026-01-12,Alice,Boonyasak,Plant 1,OVERHEAD - Training,6010,DESIGN - Connection Design,Drafting,3.5
2026-01-12,Ruben,Castellanos,Plant 3,25-1002 Belmont Industrial Phase II,5110,PM - Coordination,Engineering,8.0
2026-01-12,Nia,Okonkwo,Plant 3,25-1044 Harborview Medical Deck,5110,DESIGN - Connection Design,QC,2.5
2026-01-12,Nia,Okonkwo,Plant 3,24-1180 Riverside Parking Structure,5100,QC - Shop Review,QC,5.0
2026-01-12,Nia,Okonkwo,Plant 3,24-1207 Northgate Transit Center,5100,ADMIN - Meetings,QC,0.5
2026-01-12,Sam,Petrov,Plant 2,24-1207 Northgate Transit Center,5100,DRAFT - Erection Drawings,QC,5.5
2026-01-12,Sam,Petrov,Plant 2,25-1002 Belmont Industrial Phase II,5110,DESIGN - Member Design,QC,2.5
2026-01-12,Iris,Hollander,Plant 1,25-1002 Belmont Industrial Phase II,5110,QC - Shop Review,Engineering,8.0
2026-01-12,Kofi,Mensah,Plant 3,25-1002 Belmont Industrial Phase II,5110,DRAFT - Piece Tickets,Drafting,8.0
2026-01-13,Dana,Whitfield,Plant 1,25-1044 Harborview Medical Deck,5110,PM - Coordination,Engineering,8.0
2026-01-13,Marcus,Ohara,Plant 1,OVERHEAD - Training,6010,DESIGN - Member Design,Engineering,7.0
2026-01-13,Marcus,Ohara,Plant 1,OVERHEAD - Training,6010,DESIGN - Connection Design,Engineering,1.0
2026-01-13,Priya,Raman,Plant 2,24-1180 Riverside Parking Structure,5100,DESIGN - Connection Design,Engineering,8.0
2026-01-13,Tomas,Lindqvist,Plant 2,25-1091 Kestrel Logistics Hub,5120,DRAFT - Piece Tickets,Drafting,6.0
2026-01-13,Tomas,Lindqvist,Plant 2,25-1002 Belmont Industrial Phase II,5110,DESIGN - Connection Design,Drafting,1.5
2026-01-13,Tomas,Lindqvist,Plant 2,24-1207 Northgate Transit Center,5100,DESIGN - Connection Design,Drafting,0.5
2026-01-13,Alice,Boonyasak,Plant 1,25-1130 Fairmount Stadium Risers,5120,DESIGN - Connection Design,Drafting,0.5
2026-01-13,Alice,Boonyasak,Plant 1,25-1091 Kestrel Logistics Hub,5120,QC - Shop Review,Drafting,5.5
2026-01-13,Alice,Boonyasak,Plant 1,25-1002 Belmont Industrial Phase II,5110,PM - Coordination,Drafting,2.0
2026-01-13,Ruben,Castellanos,Plant 3,24-1180 Riverside Parking Structure,5100,DESIGN - Member Design,Engineering,8.0
2026-01-13,Sam,Petrov,Plant 2,25-1130 Fairmount Stadium Risers,5120,ADMIN - Meetings,QC,1.0
2026-01-13,Sam,Petrov,Plant 2,24-1207 Northgate Transit Center,5100,DRAFT - Erection Drawings,QC,6.5
2026-01-13,Sam,Petrov,Plant 2,25-1091 Kestrel Logistics Hub,5120,QC - Shop Review,QC,0.5
2026-01-13,Iris,Hollander,Plant 1,25-1091 Kestrel Logistics Hub,5120,DRAFT - Piece Tickets,Engineering,4.0
2026-01-13,Iris,Hollander,Plant 1,OVERHEAD - General Engineering,6000,DRAFT - Piece Tickets,Engineering,4.0
2026-01-13,Kofi,Mensah,Plant 3,25-1044 Harborview Medical Deck,5110,PM - Coordination,Drafting,8.0
2026-01-14,Dana,Whitfield,Plant 1,25-1044 Harborview Medical Deck,5110,DESIGN - Connection Design,Engineering,7.0
2026-01-14,Dana,Whitfield,Plant 1,24-1207 Northgate Transit Center,5100,DRAFT - Piece Tickets,Engineering,0.5
2026-01-14,Dana,Whitfield,Plant 1,25-1044 Harborview Medical Deck,5110,ADMIN - Meetings,Engineering,0.5
2026-01-14,Marcus,Ohara,Plant 1,24-1207 Northgate Transit Center,5100,DESIGN - Connection Design,Engineering,6.0
2026-01-14,Marcus,Ohara,Plant 1,25-1091 Kestrel Logistics Hub,5120,DESIGN - Connection Design,Engineering,2.0
2026-01-14,Priya,Raman,Plant 2,25-1002 Belmont Industrial Phase II,5110,ADMIN - Meetings,Engineering,7.0
2026-01-14,Priya,Raman,Plant 2,25-1044 Harborview Medical Deck,5110,DESIGN - Member Design,Engineering,1.0
2026-01-14,Tomas,Lindqvist,Plant 2,25-1044 Harborview Medical Deck,5110,PM - Coordination,Drafting,6.5
2026-01-14,Tomas,Lindqvist,Plant 2,25-1130 Fairmount Stadium Risers,5120,DRAFT - Piece Tickets,Drafting,1.5
2026-01-14,Alice,Boonyasak,Plant 1,24-1207 Northgate Transit Center,5100,DESIGN - Member Design,Drafting,7.0
2026-01-14,Alice,Boonyasak,Plant 1,24-1180 Riverside Parking Structure,5100,QC - Shop Review,Drafting,0.5
2026-01-14,Alice,Boonyasak,Plant 1,25-1130 Fairmount Stadium Risers,5120,DRAFT - Erection Drawings,Drafting,0.5
2026-01-14,Ruben,Castellanos,Plant 3,OVERHEAD - Training,6010,DRAFT - Piece Tickets,Engineering,3.5
2026-01-14,Ruben,Castellanos,Plant 3,24-1207 Northgate Transit Center,5100,DRAFT - Piece Tickets,Engineering,3.0
2026-01-14,Ruben,Castellanos,Plant 3,24-1207 Northgate Transit Center,5100,DRAFT - Piece Tickets,Engineering,1.5
2026-01-14,Nia,Okonkwo,Plant 3,25-1044 Harborview Medical Deck,5110,QC - Shop Review,QC,8.0
2026-01-14,Sam,Petrov,Plant 2,25-1091 Kestrel Logistics Hub,5120,PM - Coordination,QC,2.5
2026-01-14,Sam,Petrov,Plant 2,25-1091 Kestrel Logistics Hub,5120,QC - Shop Review,QC,0.5
2026-01-14,Sam,Petrov,Plant 2,25-1130 Fairmount Stadium Risers,5120,ADMIN - Meetings,QC,5.0
2026-01-14,Iris,Hollander,Plant 1,24-1207 Northgate Transit Center,5100,DESIGN - Connection Design,Engineering,3.5
2026-01-14,Iris,Hollander,Plant 1,24-1207 Northgate Transit Center,5100,DRAFT - Piece Tickets,Engineering,3.0
2026-01-14,Iris,Hollander,Plant 1,OVERHEAD - Training,6010,DRAFT - Erection Drawings,Engineering,1.5
2026-01-14,Kofi,Mensah,Plant 3,OVERHEAD - Training,6010,PM - Coordination,Drafting,3.5
2026-01-14,Kofi,Mensah,Plant 3,25-1002 Belmont Industrial Phase II,5110,DRAFT - Erection Drawings,Drafting,4.5
2026-01-15,Dana,Whitfield,Plant 1,OVERHEAD - Training,6010,DESIGN - Connection Design,Engineering,5.5
2026-01-15,Dana,Whitfield,Plant 1,24-1180 Riverside Parking Structure,5100,DRAFT - Piece Tickets,Engineering,2.5
2026-01-15,Marcus,Ohara,Plant 1,24-1180 Riverside Parking Structure,5100,DESIGN - Connection Design,Engineering,5.5
2026-01-15,Marcus,Ohara,Plant 1,OVERHEAD - General Engineering,6000,DRAFT - Piece Tickets,Engineering,2.5
2026-01-15,Priya,Raman,Plant 2,25-1091 Kestrel Logistics Hub,5120,PM - Coordination,Engineering,4.0
2026-01-15,Priya,Raman,Plant 2,25-1130 Fairmount Stadium Risers,5120,DESIGN - Member Design,Engineering,2.5
2026-01-15,Priya,Raman,Plant 2,24-1180 Riverside Parking Structure,5100,QC - Shop Review,Engineering,1.5
2026-01-15,Tomas,Lindqvist,Plant 2,24-1207 Northgate Transit Center,5100,DRAFT - Piece Tickets,Drafting,6.0
2026-01-15,Tomas,Lindqvist,Plant 2,OVERHEAD - Training,6010,PM - Coordination,Drafting,2.0
2026-01-15,Alice,Boonyasak,Plant 1,25-1130 Fairmount Stadium Risers,5120,QC - Shop Review,Drafting,5.5
2026-01-15,Alice,Boonyasak,Plant 1,OVERHEAD - General Engineering,6000,QC - Shop Review,Drafting,2.5
2026-01-15,Ruben,Castellanos,Plant 3,24-1207 Northgate Transit Center,5100,DRAFT - Piece Tickets,Engineering,5.0
2026-01-15,Ruben,Castellanos,Plant 3,25-1002 Belmont Industrial Phase II,5110,DRAFT - Piece Tickets,Engineering,3.0
2026-01-15,Nia,Okonkwo,Plant 3,25-1130 Fairmount Stadium Risers,5120,DRAFT - Erection Drawings,QC,8.0
2026-01-15,Sam,Petrov,Plant 2,25-1130 Fairmount Stadium Risers,5120,QC - Shop Review,QC,3.5
2026-01-15,Sam,Petrov,Plant 2,25-1130 Fairmount Stadium Risers,5120,DRAFT - Erection Drawings,QC,4.5
2026-01-15,Iris,Hollander,Plant 1,25-1002 Belmont Industrial Phase II,5110,DRAFT - Erection Drawings,Engineering,6.5
2026-01-15,Iris,Hollander,Plant 1,25-1130 Fairmount Stadium Risers,5120,DRAFT - Erection Drawings,Engineering,1.0
2026-01-15,Iris,Hollander,Plant 1,24-1180 Riverside Parking Structure,5100,DRAFT - Erection Drawings,Engineering,0.5
2026-01-15,Kofi,Mensah,Plant 3,24-1207 Northgate Transit Center,5100,DRAFT - Erection Drawings,Drafting,2.0
2026-01-15,Kofi,Mensah,Plant 3,24-1207 Northgate Transit Center,5100,DESIGN - Connection Design,Drafting,6.0
2026-01-16,Dana,Whitfield,Plant 1,25-1044 Harborview Medical Deck,5110,DRAFT - Piece Tickets,Engineering,1.5
2026-01-16,Dana,Whitfield,Plant 1,OVERHEAD - Training,6010,ADMIN - Meetings,Engineering,1.0
2026-01-16,Dana,Whitfield,Plant 1,OVERHEAD - General Engineering,6000,QC - Shop Review,Engineering,5.5
2026-01-16,Marcus,Ohara,Plant 1,24-1180 Riverside Parking Structure,5100,DRAFT - Erection Drawings,Engineering,8.0
2026-01-16,Priya,Raman,Plant 2,25-1091 Kestrel Logistics Hub,5120,DESIGN - Connection Design,Engineering,6.0
2026-01-16,Priya,Raman,Plant 2,25-1130 Fairmount Stadium Risers,5120,ADMIN - Meetings,Engineering,2.0
2026-01-16,Tomas,Lindqvist,Plant 2,25-1091 Kestrel Logistics Hub,5120,PM - Coordination,Drafting,1.5
2026-01-16,Tomas,Lindqvist,Plant 2,OVERHEAD - Training,6010,QC - Shop Review,Drafting,2.0
2026-01-16,Tomas,Lindqvist,Plant 2,25-1091 Kestrel Logistics Hub,5120,QC - Shop Review,Drafting,4.5
2026-01-16,Alice,Boonyasak,Plant 1,25-1044 Harborview Medical Deck,5110,DESIGN - Connection Design,Drafting,1.0
2026-01-16,Alice,Boonyasak,Plant 1,24-1207 Northgate Transit Center,5100,DRAFT - Erection Drawings,Drafting,5.5
2026-01-16,Alice,Boonyasak,Plant 1,25-1044 Harborview Medical Deck,5110,QC - Shop Review,Drafting,1.5
2026-01-16,Ruben,Castellanos,Plant 3,25-1002 Belmont Industrial Phase II,5110,ADMIN - Meetings,Engineering,8.0
2026-01-16,Nia,Okonkwo,Plant 3,25-1002 Belmont Industrial Phase II,5110,DESIGN - Connection Design,QC,8.0
2026-01-16,Sam,Petrov,Plant 2,25-1130 Fairmount Stadium Risers,5120,ADMIN - Meetings,QC,8.0
2026-01-16,Iris,Hollander,Plant 1,25-1130 Fairmount Stadium Risers,5120,ADMIN - Meetings,Engineering,6.5
2026-01-16,Iris,Hollander,Plant 1,25-1044 Harborview Medical Deck,5110,DESIGN - Member Design,Engineering,1.5
2026-01-16,Kofi,Mensah,Plant 3,25-1091 Kestrel Logistics Hub,5120,DRAFT - Piece Tickets,Drafting,8.0
2026-01-19,Dana,Whitfield,Plant 1,OVERHEAD - Training,6010,ADMIN - Meetings,Engineering,8.0
2026-01-19,Marcus,Ohara,Plant 1,25-1002 Belmont Industrial Phase II,5110,DESIGN - Connection Design,Engineering,8.0
2026-01-19,Priya,Raman,Plant 2,OVERHEAD - Training,6010,DESIGN - Member Design,Engineering,8.0
2026-01-19,Tomas,Lindqvist,Plant 2,OVERHEAD - Training,6010,ADMIN - Meetings,Drafting,6.0
2026-01-19,Tomas,Lindqvist,Plant 2,25-1091 Kestrel Logistics Hub,5120,DESIGN - Connection Design,Drafting,2.0
2026-01-19,Alice,Boonyasak,Plant 1,25-1091 Kestrel Logistics Hub,5120,DESIGN - Connection Design,Drafting,8.0
2026-01-19,Nia,Okonkwo,Plant 3,24-1180 Riverside Parking Structure,5100,DESIGN - Connection Design,QC,8.0
2026-01-19,Sam,Petrov,Plant 2,25-1002 Belmont Industrial Phase II,5110,DRAFT - Piece Tickets,QC,1.5
2026-01-19,Sam,Petrov,Plant 2,25-1130 Fairmount Stadium Risers,5120,DESIGN - Member Design,QC,3.5
2026-01-19,Sam,Petrov,Plant 2,OVERHEAD - Training,6010,DESIGN - Connection Design,QC,3.0
2026-01-19,Iris,Hollander,Plant 1,25-1044 Harborview Medical Deck,5110,DESIGN - Member Design,Engineering,3.5
2026-01-19,Iris,Hollander,Plant 1,25-1091 Kestrel Logistics Hub,5120,DRAFT - Piece Tickets,Engineering,2.5
2026-01-19,Iris,Hollander,Plant 1,OVERHEAD - General Engineering,6000,ADMIN - Meetings,Engineering,2.0
2026-01-19,Kofi,Mensah,Plant 3,OVERHEAD - Training,6010,DESIGN - Member Design,Drafting,2.5
2026-01-19,Kofi,Mensah,Plant 3,25-1130 Fairmount Stadium Risers,5120,DESIGN - Connection Design,Drafting,5.5
2026-01-20,Dana,Whitfield,Plant 1,25-1130 Fairmount Stadium Risers,5120,DRAFT - Piece Tickets,Engineering,8.0
2026-01-20,Marcus,Ohara,Plant 1,25-1130 Fairmount Stadium Risers,5120,DESIGN - Member Design,Engineering,5.0
2026-01-20,Marcus,Ohara,Plant 1,OVERHEAD - General Engineering,6000,ADMIN - Meetings,Engineering,3.0
2026-01-20,Priya,Raman,Plant 2,OVERHEAD - General Engineering,6000,PM - Coordination,Engineering,1.5
2026-01-20,Priya,Raman,Plant 2,25-1044 Harborview Medical Deck,5110,QC - Shop Review,Engineering,1.5
2026-01-20,Priya,Raman,Plant 2,24-1207 Northgate Transit Center,5100,DRAFT - Erection Drawings,Engineering,5.0
2026-01-20,Tomas,Lindqvist,Plant 2,OVERHEAD - Training,6010,DESIGN - Connection Design,Drafting,7.0
2026-01-20,Tomas,Lindqvist,Plant 2,25-1044 Harborview Medical Deck,5110,ADMIN - Meetings,Drafting,1.0
2026-01-20,Alice,Boonyasak,Plant 1,25-1002 Belmont Industrial Phase II,5110,DRAFT - Piece Tickets,Drafting,5.0
2026-01-20,Alice,Boonyasak,Plant 1,24-1180 Riverside Parking Structure,5100,DRAFT - Piece Tickets,Drafting,1.5
2026-01-20,Alice,Boonyasak,Plant 1,24-1180 Riverside Parking Structure,5100,PM - Coordination,Drafting,1.5
2026-01-20,Ruben,Castellanos,Plant 3,25-1130 Fairmount Stadium Risers,5120,QC - Shop Review,Engineering,8.0
2026-01-20,Nia,Okonkwo,Plant 3,25-1002 Belmont Industrial Phase II,5110,PM - Coordination,QC,4.0
2026-01-20,Nia,Okonkwo,Plant 3,OVERHEAD - Training,6010,DRAFT - Erection Drawings,QC,4.0
2026-01-20,Sam,Petrov,Plant 2,OVERHEAD - General Engineering,6000,DESIGN - Connection Design,QC,5.5
2026-01-20,Sam,Petrov,Plant 2,25-1044 Harborview Medical Deck,5110,PM - Coordination,QC,2.0
2026-01-20,Sam,Petrov,Plant 2,24-1180 Riverside Parking Structure,5100,DRAFT - Piece Tickets,QC,0.5
2026-01-20,Iris,Hollander,Plant 1,24-1180 Riverside Parking Structure,5100,DESIGN - Member Design,Engineering,8.0
2026-01-20,Kofi,Mensah,Plant 3,25-1002 Belmont Industrial Phase II,5110,DESIGN - Member Design,Drafting,4.0
2026-01-20,Kofi,Mensah,Plant 3,25-1091 Kestrel Logistics Hub,5120,DRAFT - Erection Drawings,Drafting,2.5
2026-01-20,Kofi,Mensah,Plant 3,OVERHEAD - Training,6010,DESIGN - Connection Design,Drafting,1.5
2026-01-21,Dana,Whitfield,Plant 1,OVERHEAD - Training,6010,DRAFT - Erection Drawings,Engineering,0.5
2026-01-21,Dana,Whitfield,Plant 1,OVERHEAD - General Engineering,6000,ADMIN - Meetings,Engineering,5.5
2026-01-21,Dana,Whitfield,Plant 1,25-1044 Harborview Medical Deck,5110,PM - Coordination,Engineering,2.0
2026-01-21,Marcus,Ohara,Plant 1,25-1091 Kestrel Logistics Hub,5120,DESIGN - Connection Design,Engineering,5.0
2026-01-21,Marcus,Ohara,Plant 1,24-1180 Riverside Parking Structure,5100,DRAFT - Piece Tickets,Engineering,3.0
2026-01-21,Priya,Raman,Plant 2,25-1002 Belmont Industrial Phase II,5110,PM - Coordination,Engineering,8.0
2026-01-21,Tomas,Lindqvist,Plant 2,25-1091 Kestrel Logistics Hub,5120,PM - Coordination,Drafting,5.5
2026-01-21,Tomas,Lindqvist,Plant 2,25-1002 Belmont Industrial Phase II,5110,QC - Shop Review,Drafting,0.5
2026-01-21,Tomas,Lindqvist,Plant 2,24-1180 Riverside Parking Structure,5100,QC - Shop Review,Drafting,2.0
2026-01-21,Ruben,Castellanos,Plant 3,25-1130 Fairmount Stadium Risers,5120,ADMIN - Meetings,Engineering,1.0
2026-01-21,Ruben,Castellanos,Plant 3,25-1002 Belmont Industrial Phase II,5110,DRAFT - Piece Tickets,Engineering,7.0
2026-01-21,Nia,Okonkwo,Plant 3,OVERHEAD - Training,6010,PM - Coordination,QC,2.0
2026-01-21,Nia,Okonkwo,Plant 3,24-1180 Riverside Parking Structure,5100,DRAFT - Erection Drawings,QC,6.0
2026-01-21,Sam,Petrov,Plant 2,OVERHEAD - General Engineering,6000,PM - Coordination,QC,7.0
2026-01-21,Sam,Petrov,Plant 2,25-1091 Kestrel Logistics Hub,5120,ADMIN - Meetings,QC,1.0
2026-01-21,Iris,Hollander,Plant 1,25-1002 Belmont Industrial Phase II,5110,ADMIN - Meetings,Engineering,8.0
2026-01-21,Kofi,Mensah,Plant 3,25-1130 Fairmount Stadium Risers,5120,DESIGN - Connection Design,Drafting,7.0
2026-01-21,Kofi,Mensah,Plant 3,OVERHEAD - General Engineering,6000,DESIGN - Connection Design,Drafting,1.0
2026-01-22,Dana,Whitfield,Plant 1,24-1207 Northgate Transit Center,5100,DRAFT - Piece Tickets,Engineering,8.0
2026-01-22,Marcus,Ohara,Plant 1,24-1180 Riverside Parking Structure,5100,DESIGN - Member Design,Engineering,8.0
2026-01-22,Priya,Raman,Plant 2,25-1002 Belmont Industrial Phase II,5110,DRAFT - Piece Tickets,Engineering,2.0
2026-01-22,Priya,Raman,Plant 2,OVERHEAD - Training,6010,DRAFT - Piece Tickets,Engineering,1.0
2026-01-22,Priya,Raman,Plant 2,24-1180 Riverside Parking Structure,5100,DESIGN - Connection Design,Engineering,5.0
2026-01-22,Tomas,Lindqvist,Plant 2,24-1207 Northgate Transit Center,5100,DESIGN - Connection Design,Drafting,8.0
2026-01-22,Ruben,Castellanos,Plant 3,OVERHEAD - General Engineering,6000,DRAFT - Piece Tickets,Engineering,8.0
2026-01-22,Nia,Okonkwo,Plant 3,24-1180 Riverside Parking Structure,5100,DESIGN - Member Design,QC,2.0
2026-01-22,Nia,Okonkwo,Plant 3,25-1044 Harborview Medical Deck,5110,DRAFT - Erection Drawings,QC,1.5
2026-01-22,Nia,Okonkwo,Plant 3,25-1130 Fairmount Stadium Risers,5120,QC - Shop Review,QC,4.5
2026-01-22,Sam,Petrov,Plant 2,OVERHEAD - General Engineering,6000,ADMIN - Meetings,QC,2.5
2026-01-22,Sam,Petrov,Plant 2,OVERHEAD - General Engineering,6000,DESIGN - Connection Design,QC,4.5
2026-01-22,Sam,Petrov,Plant 2,24-1207 Northgate Transit Center,5100,DESIGN - Member Design,QC,1.0
2026-01-22,Iris,Hollander,Plant 1,25-1091 Kestrel Logistics Hub,5120,PM - Coordination,Engineering,8.0
2026-01-22,Kofi,Mensah,Plant 3,25-1130 Fairmount Stadium Risers,5120,DESIGN - Connection Design,Drafting,3.0
2026-01-22,Kofi,Mensah,Plant 3,OVERHEAD - Training,6010,ADMIN - Meetings,Drafting,4.5
2026-01-22,Kofi,Mensah,Plant 3,25-1044 Harborview Medical Deck,5110,ADMIN - Meetings,Drafting,0.5
2026-01-23,Dana,Whitfield,Plant 1,24-1207 Northgate Transit Center,5100,DESIGN - Connection Design,Engineering,2.0
2026-01-23,Dana,Whitfield,Plant 1,24-1207 Northgate Transit Center,5100,ADMIN - Meetings,Engineering,6.0
2026-01-23,Marcus,Ohara,Plant 1,24-1207 Northgate Transit Center,5100,DRAFT - Piece Tickets,Engineering,6.0
2026-01-23,Marcus,Ohara,Plant 1,OVERHEAD - Training,6010,DESIGN - Member Design,Engineering,2.0
2026-01-23,Tomas,Lindqvist,Plant 2,24-1180 Riverside Parking Structure,5100,PM - Coordination,Drafting,7.0
2026-01-23,Tomas,Lindqvist,Plant 2,25-1091 Kestrel Logistics Hub,5120,QC - Shop Review,Drafting,1.0
2026-01-23,Ruben,Castellanos,Plant 3,25-1130 Fairmount Stadium Risers,5120,PM - Coordination,Engineering,4.0
2026-01-23,Ruben,Castellanos,Plant 3,25-1091 Kestrel Logistics Hub,5120,DRAFT - Piece Tickets,Engineering,0.5
2026-01-23,Ruben,Castellanos,Plant 3,25-1130 Fairmount Stadium Risers,5120,PM - Coordination,Engineering,3.5
2026-01-23,Nia,Okonkwo,Plant 3,25-1044 Harborview Medical Deck,5110,DESIGN - Connection Design,QC,1.5
2026-01-23,Nia,Okonkwo,Plant 3,25-1091 Kestrel Logistics Hub,5120,DRAFT - Erection Drawings,QC,6.5
2026-01-23,Sam,Petrov,Plant 2,OVERHEAD - Training,6010,DRAFT - Piece Tickets,QC,8.0
2026-01-23,Iris,Hollander,Plant 1,OVERHEAD - Training,6010,ADMIN - Meetings,Engineering,4.5
2026-01-23,Iris,Hollander,Plant 1,25-1091 Kestrel Logistics Hub,5120,ADMIN - Meetings,Engineering,3.5
2026-01-23,Kofi,Mensah,Plant 3,25-1130 Fairmount Stadium Risers,5120,DRAFT - Piece Tickets,Drafting,8.0
2026-01-26,Dana,Whitfield,Plant 1,25-1091 Kestrel Logistics Hub,5120,DESIGN - Member Design,Engineering,0.5
2026-01-26,Dana,Whitfield,Plant 1,25-1044 Harborview Medical Deck,5110,QC - Shop Review,Engineering,1.0
2026-01-26,Dana,Whitfield,Plant 1,24-1180 Riverside Parking Structure,5100,ADMIN - Meetings,Engineering,6.5
2026-01-26,Marcus,Ohara,Plant 1,24-1180 Riverside Parking Structure,5100,PM - Coordination,Engineering,2.5
2026-01-26,Marcus,Ohara,Plant 1,24-1207 Northgate Transit Center,5100,DRAFT - Erection Drawings,Engineering,5.5
2026-01-26,Priya,Raman,Plant 2,OVERHEAD - General Engineering,6000,DRAFT - Piece Tickets,Engineering,8.0
2026-01-26,Tomas,Lindqvist,Plant 2,25-1130 Fairmount Stadium Risers,5120,QC - Shop Review,Drafting,1.5
2026-01-26,Tomas,Lindqvist,Plant 2,24-1207 Northgate Transit Center,5100,DRAFT - Erection Drawings,Drafting,3.5
2026-01-26,Tomas,Lindqvist,Plant 2,25-1044 Harborview Medical Deck,5110,QC - Shop Review,Drafting,3.0
2026-01-26,Alice,Boonyasak,Plant 1,25-1044 Harborview Medical Deck,5110,PM - Coordination,Drafting,3.5
2026-01-26,Alice,Boonyasak,Plant 1,25-1091 Kestrel Logistics Hub,5120,PM - Coordination,Drafting,1.5
2026-01-26,Alice,Boonyasak,Plant 1,24-1180 Riverside Parking Structure,5100,QC - Shop Review,Drafting,3.0
2026-01-26,Ruben,Castellanos,Plant 3,25-1130 Fairmount Stadium Risers,5120,DRAFT - Piece Tickets,Engineering,6.0
2026-01-26,Ruben,Castellanos,Plant 3,24-1180 Riverside Parking Structure,5100,DESIGN - Member Design,Engineering,2.0
2026-01-26,Sam,Petrov,Plant 2,OVERHEAD - Training,6010,DRAFT - Piece Tickets,QC,8.0
2026-01-26,Iris,Hollander,Plant 1,24-1207 Northgate Transit Center,5100,ADMIN - Meetings,Engineering,8.0
2026-01-26,Kofi,Mensah,Plant 3,25-1002 Belmont Industrial Phase II,5110,DRAFT - Erection Drawings,Drafting,6.5
2026-01-26,Kofi,Mensah,Plant 3,25-1044 Harborview Medical Deck,5110,ADMIN - Meetings,Drafting,1.5
2026-01-27,Dana,Whitfield,Plant 1,OVERHEAD - General Engineering,6000,DESIGN - Member Design,Engineering,8.0
2026-01-27,Marcus,Ohara,Plant 1,25-1091 Kestrel Logistics Hub,5120,DRAFT - Piece Tickets,Engineering,8.0
2026-01-27,Priya,Raman,Plant 2,25-1091 Kestrel Logistics Hub,5120,DESIGN - Connection Design,Engineering,7.5
2026-01-27,Priya,Raman,Plant 2,OVERHEAD - General Engineering,6000,DESIGN - Member Design,Engineering,0.5
2026-01-27,Tomas,Lindqvist,Plant 2,25-1044 Harborview Medical Deck,5110,DRAFT - Piece Tickets,Drafting,0.5
2026-01-27,Tomas,Lindqvist,Plant 2,OVERHEAD - Training,6010,DRAFT - Piece Tickets,Drafting,7.5
2026-01-27,Alice,Boonyasak,Plant 1,OVERHEAD - General Engineering,6000,PM - Coordination,Drafting,6.5
2026-01-27,Alice,Boonyasak,Plant 1,24-1180 Riverside Parking Structure,5100,DRAFT - Erection Drawings,Drafting,0.5
2026-01-27,Alice,Boonyasak,Plant 1,OVERHEAD - Training,6010,PM - Coordination,Drafting,1.0
2026-01-27,Ruben,Castellanos,Plant 3,25-1002 Belmont Industrial Phase II,5110,ADMIN - Meetings,Engineering,7.0
2026-01-27,Ruben,Castellanos,Plant 3,OVERHEAD - General Engineering,6000,DESIGN - Member Design,Engineering,0.5
2026-01-27,Ruben,Castellanos,Plant 3,25-1091 Kestrel Logistics Hub,5120,PM - Coordination,Engineering,0.5
2026-01-27,Nia,Okonkwo,Plant 3,25-1130 Fairmount Stadium Risers,5120,PM - Coordination,QC,7.0
2026-01-27,Nia,Okonkwo,Plant 3,25-1044 Harborview Medical Deck,5110,DESIGN - Connection Design,QC,1.0
2026-01-27,Sam,Petrov,Plant 2,25-1044 Harborview Medical Deck,5110,ADMIN - Meetings,QC,6.5
2026-01-27,Sam,Petrov,Plant 2,OVERHEAD - General Engineering,6000,PM - Coordination,QC,0.5
2026-01-27,Sam,Petrov,Plant 2,25-1091 Kestrel Logistics Hub,5120,QC - Shop Review,QC,1.0
2026-01-27,Iris,Hollander,Plant 1,OVERHEAD - Training,6010,QC - Shop Review,Engineering,5.5
2026-01-27,Iris,Hollander,Plant 1,OVERHEAD - Training,6010,ADMIN - Meetings,Engineering,2.5
2026-01-27,Kofi,Mensah,Plant 3,25-1091 Kestrel Logistics Hub,5120,DESIGN - Member Design,Drafting,0.5
2026-01-27,Kofi,Mensah,Plant 3,25-1044 Harborview Medical Deck,5110,DRAFT - Erection Drawings,Drafting,7.5
2026-01-28,Dana,Whitfield,Plant 1,24-1180 Riverside Parking Structure,5100,DESIGN - Member Design,Engineering,8.0
2026-01-28,Marcus,Ohara,Plant 1,24-1180 Riverside Parking Structure,5100,PM - Coordination,Engineering,2.5
2026-01-28,Marcus,Ohara,Plant 1,25-1002 Belmont Industrial Phase II,5110,DRAFT - Erection Drawings,Engineering,1.0
2026-01-28,Marcus,Ohara,Plant 1,OVERHEAD - Training,6010,PM - Coordination,Engineering,4.5
2026-01-28,Priya,Raman,Plant 2,OVERHEAD - Training,6010,DRAFT - Erection Drawings,Engineering,8.0
2026-01-28,Tomas,Lindqvist,Plant 2,OVERHEAD - Training,6010,DRAFT - Piece Tickets,Drafting,7.5
2026-01-28,Tomas,Lindqvist,Plant 2,25-1091 Kestrel Logistics Hub,5120,QC - Shop Review,Drafting,0.5
2026-01-28,Alice,Boonyasak,Plant 1,OVERHEAD - General Engineering,6000,DESIGN - Member Design,Drafting,7.0
2026-01-28,Alice,Boonyasak,Plant 1,24-1180 Riverside Parking Structure,5100,DRAFT - Erection Drawings,Drafting,1.0
2026-01-28,Ruben,Castellanos,Plant 3,OVERHEAD - General Engineering,6000,PM - Coordination,Engineering,4.5
2026-01-28,Ruben,Castellanos,Plant 3,OVERHEAD - Training,6010,PM - Coordination,Engineering,3.5
2026-01-28,Nia,Okonkwo,Plant 3,24-1180 Riverside Parking Structure,5100,DRAFT - Piece Tickets,QC,8.0
2026-01-28,Sam,Petrov,Plant 2,25-1130 Fairmount Stadium Risers,5120,PM - Coordination,QC,8.0
2026-01-28,Iris,Hollander,Plant 1,25-1130 Fairmount Stadium Risers,5120,PM - Coordination,Engineering,8.0
2026-01-28,Kofi,Mensah,Plant 3,OVERHEAD - Training,6010,QC - Shop Review,Drafting,2.0
2026-01-28,Kofi,Mensah,Plant 3,OVERHEAD - General Engineering,6000,DRAFT - Erection Drawings,Drafting,6.0
2026-01-29,Dana,Whitfield,Plant 1,25-1044 Harborview Medical Deck,5110,ADMIN - Meetings,Engineering,1.5
2026-01-29,Dana,Whitfield,Plant 1,OVERHEAD - Training,6010,PM - Coordination,Engineering,3.0
2026-01-29,Dana,Whitfield,Plant 1,25-1091 Kestrel Logistics Hub,5120,DESIGN - Connection Design,Engineering,3.5
2026-01-29,Marcus,Ohara,Plant 1,25-1002 Belmont Industrial Phase II,5110,DESIGN - Member Design,Engineering,2.0
2026-01-29,Marcus,Ohara,Plant 1,25-1130 Fairmount Stadium Risers,5120,ADMIN - Meetings,Engineering,2.0
2026-01-29,Marcus,Ohara,Plant 1,25-1130 Fairmount Stadium Risers,5120,ADMIN - Meetings,Engineering,4.0
2026-01-29,Tomas,Lindqvist,Plant 2,24-1207 Northgate Transit Center,5100,QC - Shop Review,Drafting,8.0
2026-01-29,Alice,Boonyasak,Plant 1,25-1044 Harborview Medical Deck,5110,DESIGN - Member Design,Drafting,2.5
2026-01-29,Alice,Boonyasak,Plant 1,OVERHEAD - Training,6010,DRAFT - Erection Drawings,Drafting,5.5
2026-01-29,Nia,Okonkwo,Plant 3,25-1044 Harborview Medical Deck,5110,DRAFT - Piece Tickets,QC,0.5
2026-01-29,Nia,Okonkwo,Plant 3,OVERHEAD - General Engineering,6000,DRAFT - Piece Tickets,QC,7.5
2026-01-29,Sam,Petrov,Plant 2,OVERHEAD - General Engineering,6000,DRAFT - Erection Drawings,QC,3.5
2026-01-29,Sam,Petrov,Plant 2,25-1130 Fairmount Stadium Risers,5120,DRAFT - Erection Drawings,QC,4.5
2026-01-29,Iris,Hollander,Plant 1,25-1091 Kestrel Logistics Hub,5120,DESIGN - Member Design,Engineering,8.0
2026-01-29,Kofi,Mensah,Plant 3,OVERHEAD - General Engineering,6000,DRAFT - Piece Tickets,Drafting,6.5
2026-01-29,Kofi,Mensah,Plant 3,25-1130 Fairmount Stadium Risers,5120,QC - Shop Review,Drafting,1.5
2026-01-30,Marcus,Ohara,Plant 1,25-1130 Fairmount Stadium Risers,5120,ADMIN - Meetings,Engineering,4.5
2026-01-30,Marcus,Ohara,Plant 1,OVERHEAD - Training,6010,DRAFT - Piece Tickets,Engineering,0.5
2026-01-30,Marcus,Ohara,Plant 1,OVERHEAD - Training,6010,ADMIN - Meetings,Engineering,3.0
2026-01-30,Priya,Raman,Plant 2,24-1207 Northgate Transit Center,5100,DESIGN - Member Design,Engineering,8.0
2026-01-30,Tomas,Lindqvist,Plant 2,OVERHEAD - General Engineering,6000,PM - Coordination,Drafting,4.0
2026-01-30,Tomas,Lindqvist,Plant 2,OVERHEAD - Training,6010,ADMIN - Meetings,Drafting,1.0
2026-01-30,Tomas,Lindqvist,Plant 2,24-1207 Northgate Transit Center,5100,PM - Coordination,Drafting,3.0
2026-01-30,Alice,Boonyasak,Plant 1,OVERHEAD - General Engineering,6000,DESIGN - Member Design,Drafting,8.0
2026-01-30,Ruben,Castellanos,Plant 3,25-1091 Kestrel Logistics Hub,5120,DRAFT - Piece Tickets,Engineering,6.0
2026-01-30,Ruben,Castellanos,Plant 3,24-1207 Northgate Transit Center,5100,DRAFT - Piece Tickets,Engineering,1.0
2026-01-30,Ruben,Castellanos,Plant 3,24-1180 Riverside Parking Structure,5100,QC - Shop Review,Engineering,1.0
2026-01-30,Nia,Okonkwo,Plant 3,OVERHEAD - General Engineering,6000,DESIGN - Member Design,QC,7.0
2026-01-30,Nia,Okonkwo,Plant 3,25-1002 Belmont Industrial Phase II,5110,DRAFT - Erection Drawings,QC,0.5
2026-01-30,Nia,Okonkwo,Plant 3,25-1044 Harborview Medical Deck,5110,QC - Shop Review,QC,0.5
2026-01-30,Sam,Petrov,Plant 2,25-1044 Harborview Medical Deck,5110,DESIGN - Member Design,QC,5.0
2026-01-30,Sam,Petrov,Plant 2,25-1002 Belmont Industrial Phase II,5110,DRAFT - Piece Tickets,QC,3.0
2026-01-30,Iris,Hollander,Plant 1,25-1044 Harborview Medical Deck,5110,PM - Coordination,Engineering,4.5
2026-01-30,Iris,Hollander,Plant 1,25-1130 Fairmount Stadium Risers,5120,DESIGN - Connection Design,Engineering,1.5
2026-01-30,Iris,Hollander,Plant 1,24-1207 Northgate Transit Center,5100,DESIGN - Member Design,Engineering,2.0
2026-01-30,Kofi,Mensah,Plant 3,25-1130 Fairmount Stadium Risers,5120,PM - Coordination,Drafting,3.5
2026-01-30,Kofi,Mensah,Plant 3,OVERHEAD - Training,6010,DRAFT - Piece Tickets,Drafting,4.5
2026-02-02,Dana,Whitfield,Plant 1,24-1207 Northgate Transit Center,5100,DESIGN - Member Design,Engineering,6.5
2026-02-02,Dana,Whitfield,Plant 1,25-1002 Belmont Industrial Phase II,5110,PM - Coordination,Engineering,1.5
2026-02-02,Marcus,Ohara,Plant 1,25-1130 Fairmount Stadium Risers,5120,ADMIN - Meetings,Engineering,2.5
2026-02-02,Marcus,Ohara,Plant 1,24-1207 Northgate Transit Center,5100,ADMIN - Meetings,Engineering,3.5
2026-02-02,Marcus,Ohara,Plant 1,24-1180 Riverside Parking Structure,5100,DRAFT - Piece Tickets,Engineering,2.0
2026-02-02,Priya,Raman,Plant 2,25-1002 Belmont Industrial Phase II,5110,PM - Coordination,Engineering,6.5
2026-02-02,Priya,Raman,Plant 2,25-1002 Belmont Industrial Phase II,5110,ADMIN - Meetings,Engineering,1.5
2026-02-02,Tomas,Lindqvist,Plant 2,24-1207 Northgate Transit Center,5100,ADMIN - Meetings,Drafting,8.0
2026-02-02,Alice,Boonyasak,Plant 1,OVERHEAD - General Engineering,6000,ADMIN - Meetings,Drafting,3.0
2026-02-02,Alice,Boonyasak,Plant 1,25-1130 Fairmount Stadium Risers,5120,ADMIN - Meetings,Drafting,2.5
2026-02-02,Alice,Boonyasak,Plant 1,24-1207 Northgate Transit Center,5100,DRAFT - Piece Tickets,Drafting,2.5
2026-02-02,Ruben,Castellanos,Plant 3,24-1180 Riverside Parking Structure,5100,DRAFT - Erection Drawings,Engineering,0.5
2026-02-02,Ruben,Castellanos,Plant 3,25-1091 Kestrel Logistics Hub,5120,DESIGN - Connection Design,Engineering,7.5
2026-02-02,Nia,Okonkwo,Plant 3,25-1044 Harborview Medical Deck,5110,ADMIN - Meetings,QC,0.5
2026-02-02,Nia,Okonkwo,Plant 3,24-1180 Riverside Parking Structure,5100,DRAFT - Piece Tickets,QC,0.5
2026-02-02,Nia,Okonkwo,Plant 3,OVERHEAD - Training,6010,DESIGN - Connection Design,QC,7.0
2026-02-02,Sam,Petrov,Plant 2,24-1180 Riverside Parking Structure,5100,PM - Coordination,QC,8.0
2026-02-02,Iris,Hollander,Plant 1,25-1044 Harborview Medical Deck,5110,DRAFT - Erection Drawings,Engineering,6.5
2026-02-02,Iris,Hollander,Plant 1,OVERHEAD - General Engineering,6000,PM - Coordination,Engineering,1.5
2026-02-02,Kofi,Mensah,Plant 3,OVERHEAD - Training,6010,DRAFT - Piece Tickets,Drafting,2.0
2026-02-02,Kofi,Mensah,Plant 3,25-1130 Fairmount Stadium Risers,5120,DESIGN - Member Design,Drafting,6.0
2026-02-03,Dana,Whitfield,Plant 1,OVERHEAD - General Engineering,6000,PM - Coordination,Engineering,8.0
2026-02-03,Marcus,Ohara,Plant 1,25-1002 Belmont Industrial Phase II,5110,PM - Coordination,Engineering,7.0
2026-02-03,Marcus,Ohara,Plant 1,24-1207 Northgate Transit Center,5100,QC - Shop Review,Engineering,1.0
2026-02-03,Priya,Raman,Plant 2,OVERHEAD - Training,6010,PM - Coordination,Engineering,8.0
2026-02-03,Tomas,Lindqvist,Plant 2,24-1180 Riverside Parking Structure,5100,ADMIN - Meetings,Drafting,6.5
2026-02-03,Tomas,Lindqvist,Plant 2,25-1091 Kestrel Logistics Hub,5120,DRAFT - Erection Drawings,Drafting,0.5
2026-02-03,Tomas,Lindqvist,Plant 2,25-1044 Harborview Medical Deck,5110,PM - Coordination,Drafting,1.0
2026-02-03,Ruben,Castellanos,Plant 3,OVERHEAD - Training,6010,DRAFT - Piece Tickets,Engineering,5.0
2026-02-03,Ruben,Castellanos,Plant 3,24-1180 Riverside Parking Structure,5100,DESIGN - Connection Design,Engineering,1.0
2026-02-03,Ruben,Castellanos,Plant 3,25-1130 Fairmount Stadium Risers,5120,DRAFT - Piece Tickets,Engineering,2.0
2026-02-03,Nia,Okonkwo,Plant 3,24-1207 Northgate Transit Center,5100,DESIGN - Member Design,QC,8.0
2026-02-03,Sam,Petrov,Plant 2,25-1130 Fairmount Stadium Risers,5120,QC - Shop Review,QC,8.0
2026-02-03,Kofi,Mensah,Plant 3,25-1044 Harborview Medical Deck,5110,DRAFT - Erection Drawings,Drafting,5.0
2026-02-03,Kofi,Mensah,Plant 3,25-1130 Fairmount Stadium Risers,5120,DESIGN - Member Design,Drafting,3.0
2026-02-04,Dana,Whitfield,Plant 1,OVERHEAD - General Engineering,6000,QC - Shop Review,Engineering,0.5
2026-02-04,Dana,Whitfield,Plant 1,25-1091 Kestrel Logistics Hub,5120,QC - Shop Review,Engineering,7.5
2026-02-04,Marcus,Ohara,Plant 1,OVERHEAD - General Engineering,6000,ADMIN - Meetings,Engineering,8.0
2026-02-04,Tomas,Lindqvist,Plant 2,25-1002 Belmont Industrial Phase II,5110,DRAFT - Erection Drawings,Drafting,8.0
2026-02-04,Alice,Boonyasak,Plant 1,25-1002 Belmont Industrial Phase II,5110,QC - Shop Review,Drafting,3.0
2026-02-04,Alice,Boonyasak,Plant 1,OVERHEAD - General Engineering,6000,QC - Shop Review,Drafting,5.0
2026-02-04,Ruben,Castellanos,Plant 3,25-1002 Belmont Industrial Phase II,5110,QC - Shop Review,Engineering,7.5
2026-02-04,Ruben,Castellanos,Plant 3,25-1091 Kestrel Logistics Hub,5120,QC - Shop Review,Engineering,0.5
2026-02-04,Nia,Okonkwo,Plant 3,25-1044 Harborview Medical Deck,5110,ADMIN - Meetings,QC,8.0
2026-02-04,Sam,Petrov,Plant 2,25-1044 Harborview Medical Deck,5110,DRAFT - Erection Drawings,QC,8.0
2026-02-04,Iris,Hollander,Plant 1,24-1207 Northgate Transit Center,5100,DRAFT - Erection Drawings,Engineering,8.0
2026-02-04,Kofi,Mensah,Plant 3,OVERHEAD - Training,6010,DESIGN - Member Design,Drafting,0.5
2026-02-04,Kofi,Mensah,Plant 3,25-1044 Harborview Medical Deck,5110,DRAFT - Piece Tickets,Drafting,4.5
2026-02-04,Kofi,Mensah,Plant 3,25-1091 Kestrel Logistics Hub,5120,DESIGN - Member Design,Drafting,3.0
2026-02-05,Dana,Whitfield,Plant 1,24-1207 Northgate Transit Center,5100,ADMIN - Meetings,Engineering,4.0
2026-02-05,Dana,Whitfield,Plant 1,25-1091 Kestrel Logistics Hub,5120,DESIGN - Connection Design,Engineering,2.0
2026-02-05,Dana,Whitfield,Plant 1,25-1091 Kestrel Logistics Hub,5120,ADMIN - Meetings,Engineering,2.0
2026-02-05,Priya,Raman,Plant 2,OVERHEAD - Training,6010,DESIGN - Connection Design,Engineering,6.5
2026-02-05,Priya,Raman,Plant 2,OVERHEAD - Training,6010,DRAFT - Piece Tickets,Engineering,0.5
2026-02-05,Priya,Raman,Plant 2,24-1180 Riverside Parking Structure,5100,ADMIN - Meetings,Engineering,1.0
2026-02-05,Tomas,Lindqvist,Plant 2,25-1044 Harborview Medical Deck,5110,QC - Shop Review,Drafting,2.0
2026-02-05,Tomas,Lindqvist,Plant 2,25-1044 Harborview Medical Deck,5110,DRAFT - Piece Tickets,Drafting,6.0
2026-02-05,Alice,Boonyasak,Plant 1,25-1130 Fairmount Stadium Risers,5120,DESIGN - Member Design,Drafting,8.0
2026-02-05,Ruben,Castellanos,Plant 3,OVERHEAD - Training,6010,ADMIN - Meetings,Engineering,4.0
2026-02-05,Ruben,Castellanos,Plant 3,24-1180 Riverside Parking Structure,5100,PM - Coordination,Engineering,2.0
2026-02-05,Ruben,Castellanos,Plant 3,OVERHEAD - General Engineering,6000,DESIGN - Member Design,Engineering,2.0
2026-02-05,Nia,Okonkwo,Plant 3,25-1044 Harborview Medical Deck,5110,DESIGN - Member Design,QC,5.5
2026-02-05,Nia,Okonkwo,Plant 3,24-1207 Northgate Transit Center,5100,DRAFT - Erection Drawings,QC,0.5
2026-02-05,Nia,Okonkwo,Plant 3,OVERHEAD - General Engineering,6000,DRAFT - Erection Drawings,QC,2.0
2026-02-05,Sam,Petrov,Plant 2,25-1002 Belmont Industrial Phase II,5110,DRAFT - Piece Tickets,QC,7.5
2026-02-05,Sam,Petrov,Plant 2,25-1130 Fairmount Stadium Risers,5120,DESIGN - Member Design,QC,0.5
2026-02-05,Iris,Hollander,Plant 1,OVERHEAD - General Engineering,6000,QC - Shop Review,Engineering,1.0
2026-02-05,Iris,Hollander,Plant 1,OVERHEAD - General Engineering,6000,PM - Coordination,Engineering,4.5
2026-02-05,Iris,Hollander,Plant 1,25-1002 Belmont Industrial Phase II,5110,DESIGN - Connection Design,Engineering,2.5
2026-02-05,Kofi,Mensah,Plant 3,25-1130 Fairmount Stadium Risers,5120,ADMIN - Meetings,Drafting,1.0
2026-02-05,Kofi,Mensah,Plant 3,24-1207 Northgate Transit Center,5100,DRAFT - Piece Tickets,Drafting,4.0
2026-02-05,Kofi,Mensah,Plant 3,25-1044 Harborview Medical Deck,5110,DRAFT - Piece Tickets,Drafting,3.0
2026-02-06,Dana,Whitfield,Plant 1,25-1091 Kestrel Logistics Hub,5120,ADMIN - Meetings,Engineering,3.5
2026-02-06,Dana,Whitfield,Plant 1,25-1130 Fairmount Stadium Risers,5120,PM - Coordination,Engineering,4.5
2026-02-06,Marcus,Ohara,Plant 1,OVERHEAD - Training,6010,DESIGN - Member Design,Engineering,2.5
2026-02-06,Marcus,Ohara,Plant 1,25-1130 Fairmount Stadium Risers,5120,DRAFT - Piece Tickets,Engineering,5.5
2026-02-06,Priya,Raman,Plant 2,OVERHEAD - Training,6010,DESIGN - Connection Design,Engineering,7.5
2026-02-06,Priya,Raman,Plant 2,25-1044 Harborview Medical Deck,5110,DESIGN - Member Design,Engineering,0.5
2026-02-06,Tomas,Lindqvist,Plant 2,24-1180 Riverside Parking Structure,5100,DRAFT - Erection Drawings,Drafting,2.0
2026-02-06,Tomas,Lindqvist,Plant 2,25-1002 Belmont Industrial Phase II,5110,DESIGN - Member Design,Drafting,6.0
2026-02-06,Alice,Boonyasak,Plant 1,24-1180 Riverside Parking Structure,5100,QC - Shop Review,Drafting,2.5
2026-02-06,Alice,Boonyasak,Plant 1,25-1130 Fairmount Stadium Risers,5120,DESIGN - Member Design,Drafting,3.5
2026-02-06,Alice,Boonyasak,Plant 1,24-1207 Northgate Transit Center,5100,DRAFT - Erection Drawings,Drafting,2.0
2026-02-06,Ruben,Castellanos,Plant 3,25-1130 Fairmount Stadium Risers,5120,QC - Shop Review,Engineering,8.0
2026-02-06,Nia,Okonkwo,Plant 3,25-1130 Fairmount Stadium Risers,5120,PM - Coordination,QC,4.0
2026-02-06,Nia,Okonkwo,Plant 3,OVERHEAD - Training,6010,PM - Coordination,QC,0.5
2026-02-06,Nia,Okonkwo,Plant 3,OVERHEAD - General Engineering,6000,DESIGN - Connection Design,QC,3.5
2026-02-06,Sam,Petrov,Plant 2,25-1130 Fairmount Stadium Risers,5120,PM - Coordination,QC,3.0
2026-02-06,Sam,Petrov,Plant 2,25-1091 Kestrel Logistics Hub,5120,DESIGN - Connection Design,QC,1.5
2026-02-06,Sam,Petrov,Plant 2,25-1044 Harborview Medical Deck,5110,QC - Shop Review,QC,3.5
2026-02-06,Iris,Hollander,Plant 1,OVERHEAD - General Engineering,6000,DESIGN - Member Design,Engineering,8.0
2026-02-06,Kofi,Mensah,Plant 3,25-1002 Belmont Industrial Phase II,5110,DRAFT - Erection Drawings,Drafting,6.0
2026-02-06,Kofi,Mensah,Plant 3,24-1180 Riverside Parking Structure,5100,DRAFT - Erection Drawings,Drafting,1.0
2026-02-06,Kofi,Mensah,Plant 3,25-1002 Belmont Industrial Phase II,5110,DESIGN - Connection Design,Drafting,1.0
2026-02-09,Dana,Whitfield,Plant 1,25-1091 Kestrel Logistics Hub,5120,QC - Shop Review,Engineering,8.0
2026-02-09,Marcus,Ohara,Plant 1,25-1091 Kestrel Logistics Hub,5120,DESIGN - Member Design,Engineering,8.0
2026-02-09,Priya,Raman,Plant 2,24-1207 Northgate Transit Center,5100,PM - Coordination,Engineering,3.5
2026-02-09,Priya,Raman,Plant 2,OVERHEAD - Training,6010,DRAFT - Erection Drawings,Engineering,4.5
2026-02-09,Tomas,Lindqvist,Plant 2,25-1091 Kestrel Logistics Hub,5120,DRAFT - Erection Drawings,Drafting,4.0
2026-02-09,Tomas,Lindqvist,Plant 2,24-1180 Riverside Parking Structure,5100,ADMIN - Meetings,Drafting,2.5
2026-02-09,Tomas,Lindqvist,Plant 2,25-1091 Kestrel Logistics Hub,5120,ADMIN - Meetings,Drafting,1.5
2026-02-09,Alice,Boonyasak,Plant 1,OVERHEAD - Training,6010,DRAFT - Erection Drawings,Drafting,3.5
2026-02-09,Alice,Boonyasak,Plant 1,25-1002 Belmont Industrial Phase II,5110,DRAFT - Erection Drawings,Drafting,4.5
2026-02-09,Ruben,Castellanos,Plant 3,25-1044 Harborview Medical Deck,5110,PM - Coordination,Engineering,8.0
2026-02-09,Nia,Okonkwo,Plant 3,24-1180 Riverside Parking Structure,5100,DESIGN - Connection Design,QC,8.0
2026-02-09,Kofi,Mensah,Plant 3,24-1180 Riverside Parking Structure,5100,DESIGN - Connection Design,Drafting,0.5
2026-02-09,Kofi,Mensah,Plant 3,25-1002 Belmont Industrial Phase II,5110,PM - Coordination,Drafting,7.5
2026-02-10,Dana,Whitfield,Plant 1,25-1002 Belmont Industrial Phase II,5110,DRAFT - Erection Drawings,Engineering,8.0
2026-02-10,Marcus,Ohara,Plant 1,25-1044 Harborview Medical Deck,5110,DRAFT - Piece Tickets,Engineering,8.0
2026-02-10,Priya,Raman,Plant 2,25-1044 Harborview Medical Deck,5110,DESIGN - Connection Design,Engineering,4.5
2026-02-10,Priya,Raman,Plant 2,24-1207 Northgate Transit Center,5100,ADMIN - Meetings,Engineering,0.5
2026-02-10,Priya,Raman,Plant 2,25-1044 Harborview Medical Deck,5110,PM - Coordination,Engineering,3.0
2026-02-10,Tomas,Lindqvist,Plant 2,25-1091 Kestrel Logistics Hub,5120,QC - Shop Review,Drafting,7.5
2026-02-10,Tomas,Lindqvist,Plant 2,24-1180 Riverside Parking Structure,5100,PM - Coordination,Drafting,0.5
2026-02-10,Alice,Boonyasak,Plant 1,OVERHEAD - Training,6010,DESIGN - Connection Design,Drafting,8.0
2026-02-10,Ruben,Castellanos,Plant 3,25-1130 Fairmount Stadium Risers,5120,PM - Coordination,Engineering,5.5
2026-02-10,Ruben,Castellanos,Plant 3,OVERHEAD - General Engineering,6000,QC - Shop Review,Engineering,2.5
2026-02-10,Nia,Okonkwo,Plant 3,25-1091 Kestrel Logistics Hub,5120,DESIGN - Member Design,QC,2.5
2026-02-10,Nia,Okonkwo,Plant 3,24-1180 Riverside Parking Structure,5100,DRAFT - Piece Tickets,QC,3.5
2026-02-10,Nia,Okonkwo,Plant 3,OVERHEAD - Training,6010,DRAFT - Erection Drawings,QC,2.0
2026-02-10,Sam,Petrov,Plant 2,25-1130 Fairmount Stadium Risers,5120,DESIGN - Connection Design,QC,3.0
2026-02-10,Sam,Petrov,Plant 2,24-1207 Northgate Transit Center,5100,DESIGN - Member Design,QC,5.0
2026-02-10,Iris,Hollander,Plant 1,OVERHEAD - Training,6010,DRAFT - Piece Tickets,Engineering,1.5
2026-02-10,Iris,Hollander,Plant 1,24-1207 Northgate Transit Center,5100,DESIGN - Member Design,Engineering,6.5
2026-02-10,Kofi,Mensah,Plant 3,25-1044 Harborview Medical Deck,5110,QC - Shop Review,Drafting,2.5
2026-02-10,Kofi,Mensah,Plant 3,24-1207 Northgate Transit Center,5100,DESIGN - Member Design,Drafting,5.5
2026-02-11,Dana,Whitfield,Plant 1,24-1207 Northgate Transit Center,5100,DRAFT - Erection Drawings,Engineering,5.0
2026-02-11,Dana,Whitfield,Plant 1,25-1044 Harborview Medical Deck,5110,QC - Shop Review,Engineering,3.0
2026-02-11,Marcus,Ohara,Plant 1,24-1207 Northgate Transit Center,5100,DESIGN - Member Design,Engineering,7.5
2026-02-11,Marcus,Ohara,Plant 1,24-1180 Riverside Parking Structure,5100,DESIGN - Connection Design,Engineering,0.5
2026-02-11,Priya,Raman,Plant 2,25-1044 Harborview Medical Deck,5110,DESIGN - Connection Design,Engineering,8.0
2026-02-11,Tomas,Lindqvist,Plant 2,25-1044 Harborview Medical Deck,5110,QC - Shop Review,Drafting,1.5
2026-02-11,Tomas,Lindqvist,Plant 2,25-1002 Belmont Industrial Phase II,5110,PM - Coordination,Drafting,4.0
2026-02-11,Tomas,Lindqvist,Plant 2,25-1091 Kestrel Logistics Hub,5120,ADMIN - Meetings,Drafting,2.5
2026-02-11,Alice,Boonyasak,Plant 1,24-1207 Northgate Transit Center,5100,PM - Coordination,Drafting,7.5
2026-02-11,Alice,Boonyasak,Plant 1,24-1207 Northgate Transit Center,5100,DRAFT - Piece Tickets,Drafting,0.5
2026-02-11,Ruben,Castellanos,Plant 3,24-1180 Riverside Parking Structure,5100,DESIGN - Member Design,Engineering,1.0
2026-02-11,Ruben,Castellanos,Plant 3,24-1180 Riverside Parking Structure,5100,DESIGN - Connection Design,Engineering,4.5
2026-02-11,Ruben,Castellanos,Plant 3,OVERHEAD - General Engineering,6000,DESIGN - Connection Design,Engineering,2.5
2026-02-11,Nia,Okonkwo,Plant 3,25-1130 Fairmount Stadium Risers,5120,QC - Shop Review,QC,8.0
2026-02-11,Sam,Petrov,Plant 2,25-1044 Harborview Medical Deck,5110,DRAFT - Piece Tickets,QC,0.5
2026-02-11,Sam,Petrov,Plant 2,24-1180 Riverside Parking Structure,5100,DRAFT - Erection Drawings,QC,2.5
2026-02-11,Sam,Petrov,Plant 2,OVERHEAD - Training,6010,DRAFT - Piece Tickets,QC,5.0
2026-02-11,Iris,Hollander,Plant 1,24-1180 Riverside Parking Structure,5100,DESIGN - Connection Design,Engineering,5.5
2026-02-11,Iris,Hollander,Plant 1,25-1130 Fairmount Stadium Risers,5120,DESIGN - Member Design,Engineering,2.5
2026-02-11,Kofi,Mensah,Plant 3,24-1180 Riverside Parking Structure,5100,DRAFT - Erection Drawings,Drafting,8.0
2026-02-12,Dana,Whitfield,Plant 1,25-1044 Harborview Medical Deck,5110,DESIGN - Connection Design,Engineering,8.0
2026-02-12,Marcus,Ohara,Plant 1,OVERHEAD - Training,6010,DRAFT - Piece Tickets,Engineering,8.0
2026-02-12,Priya,Raman,Plant 2,25-1091 Kestrel Logistics Hub,5120,DESIGN - Connection Design,Engineering,8.0
2026-02-12,Alice,Boonyasak,Plant 1,OVERHEAD - General Engineering,6000,QC - Shop Review,Drafting,4.5
2026-02-12,Alice,Boonyasak,Plant 1,24-1207 Northgate Transit Center,5100,QC - Shop Review,Drafting,2.0
2026-02-12,Alice,Boonyasak,Plant 1,OVERHEAD - Training,6010,PM - Coordination,Drafting,1.5
2026-02-12,Ruben,Castellanos,Plant 3,OVERHEAD - Training,6010,DESIGN - Member Design,Engineering,3.0
2026-02-12,Ruben,Castellanos,Plant 3,24-1207 Northgate Transit Center,5100,DESIGN - Connection Design,Engineering,5.0
2026-02-12,Nia,Okonkwo,Plant 3,OVERHEAD - General Engineering,6000,QC - Shop Review,QC,3.0
2026-02-12,Nia,Okonkwo,Plant 3,24-1180 Riverside Parking Structure,5100,DESIGN - Connection Design,QC,4.0
2026-02-12,Nia,Okonkwo,Plant 3,25-1130 Fairmount Stadium Risers,5120,DRAFT - Piece Tickets,QC,1.0
2026-02-12,Sam,Petrov,Plant 2,OVERHEAD - General Engineering,6000,DESIGN - Member Design,QC,8.0
2026-02-12,Iris,Hollander,Plant 1,OVERHEAD - Training,6010,DESIGN - Member Design,Engineering,8.0
2026-02-12,Kofi,Mensah,Plant 3,OVERHEAD - General Engineering,6000,ADMIN - Meetings,Drafting,6.0
2026-02-12,Kofi,Mensah,Plant 3,24-1207 Northgate Transit Center,5100,DRAFT - Piece Tickets,Drafting,0.5
2026-02-12,Kofi,Mensah,Plant 3,25-1091 Kestrel Logistics Hub,5120,ADMIN - Meetings,Drafting,1.5
2026-02-13,Dana,Whitfield,Plant 1,OVERHEAD - Training,6010,DESIGN - Member Design,Engineering,8.0
2026-02-13,Priya,Raman,Plant 2,24-1180 Riverside Parking Structure,5100,DESIGN - Member Design,Engineering,6.0
2026-02-13,Priya,Raman,Plant 2,24-1207 Northgate Transit Center,5100,QC - Shop Review,Engineering,2.0
2026-02-13,Tomas,Lindqvist,Plant 2,OVERHEAD - Training,6010,DRAFT - Piece Tickets,Drafting,1.0
2026-02-13,Tomas,Lindqvist,Plant 2,25-1130 Fairmount Stadium Risers,5120,PM - Coordination,Drafting,7.0
2026-02-13,Alice,Boonyasak,Plant 1,OVERHEAD - General Engineering,6000,PM - Coordination,Drafting,6.0
2026-02-13,Alice,Boonyasak,Plant 1,25-1130 Fairmount Stadium Risers,5120,DESIGN - Connection Design,Drafting,2.0
2026-02-13,Ruben,Castellanos,Plant 3,OVERHEAD - Training,6010,DRAFT - Piece Tickets,Engineering,6.0
2026-02-13,Ruben,Castellanos,Plant 3,25-1130 Fairmount Stadium Risers,5120,DESIGN - Member Design,Engineering,2.0
2026-02-13,Nia,Okonkwo,Plant 3,24-1180 Riverside Parking Structure,5100,DRAFT - Erection Drawings,QC,0.5
2026-02-13,Nia,Okonkwo,Plant 3,25-1044 Harborview Medical Deck,5110,PM - Coordination,QC,1.5
2026-02-13,Nia,Okonkwo,Plant 3,25-1091 Kestrel Logistics Hub,5120,QC - Shop Review,QC,6.0
2026-02-13,Sam,Petrov,Plant 2,24-1180 Riverside Parking Structure,5100,DRAFT - Piece Tickets,QC,8.0
2026-02-13,Iris,Hollander,Plant 1,25-1044 Harborview Medical Deck,5110,DESIGN - Member Design,Engineering,3.0
2026-02-13,Iris,Hollander,Plant 1,25-1044 Harborview Medical Deck,5110,PM - Coordination,Engineering,2.5
2026-02-13,Iris,Hollander,Plant 1,25-1002 Belmont Industrial Phase II,5110,DRAFT - Piece Tickets,Engineering,2.5
2026-02-13,Kofi,Mensah,Plant 3,25-1044 Harborview Medical Deck,5110,DESIGN - Member Design,Drafting,4.0
2026-02-13,Kofi,Mensah,Plant 3,25-1002 Belmont Industrial Phase II,5110,ADMIN - Meetings,Drafting,4.0
2026-02-16,Dana,Whitfield,Plant 1,25-1002 Belmont Industrial Phase II,5110,DESIGN - Connection Design,Engineering,3.0
2026-02-16,Dana,Whitfield,Plant 1,25-1091 Kestrel Logistics Hub,5120,ADMIN - Meetings,Engineering,1.0
2026-02-16,Dana,Whitfield,Plant 1,24-1180 Riverside Parking Structure,5100,DESIGN - Member Design,Engineering,4.0
2026-02-16,Marcus,Ohara,Plant 1,25-1002 Belmont Industrial Phase II,5110,DRAFT - Erection Drawings,Engineering,8.0
2026-02-16,Priya,Raman,Plant 2,24-1180 Riverside Parking Structure,5100,ADMIN - Meetings,Engineering,8.0
2026-02-16,Tomas,Lindqvist,Plant 2,25-1044 Harborview Medical Deck,5110,ADMIN - Meetings,Drafting,8.0
2026-02-16,Alice,Boonyasak,Plant 1,25-1044 Harborview Medical Deck,5110,PM - Coordination,Drafting,1.0
2026-02-16,Alice,Boonyasak,Plant 1,24-1180 Riverside Parking Structure,5100,ADMIN - Meetings,Drafting,7.0
2026-02-16,Ruben,Castellanos,Plant 3,OVERHEAD - Training,6010,DRAFT - Erection Drawings,Engineering,8.0
2026-02-16,Nia,Okonkwo,Plant 3,OVERHEAD - General Engineering,6000,QC - Shop Review,QC,8.0
2026-02-16,Sam,Petrov,Plant 2,25-1130 Fairmount Stadium Risers,5120,PM - Coordination,QC,1.0
2026-02-16,Sam,Petrov,Plant 2,25-1002 Belmont Industrial Phase II,5110,DRAFT - Piece Tickets,QC,0.5
2026-02-16,Sam,Petrov,Plant 2,OVERHEAD - General Engineering,6000,ADMIN - Meetings,QC,6.5
2026-02-16,Kofi,Mensah,Plant 3,25-1002 Belmont Industrial Phase II,5110,QC - Shop Review,Drafting,1.0
2026-02-16,Kofi,Mensah,Plant 3,24-1207 Northgate Transit Center,5100,DRAFT - Piece Tickets,Drafting,1.5
2026-02-16,Kofi,Mensah,Plant 3,24-1207 Northgate Transit Center,5100,PM - Coordination,Drafting,5.5
2026-02-17,Marcus,Ohara,Plant 1,25-1091 Kestrel Logistics Hub,5120,PM - Coordination,Engineering,8.0
2026-02-17,Priya,Raman,Plant 2,25-1130 Fairmount Stadium Risers,5120,DRAFT - Piece Tickets,Engineering,5.5
2026-02-17,Priya,Raman,Plant 2,25-1130 Fairmount Stadium Risers,5120,DRAFT - Piece Tickets,Engineering,2.5
2026-02-17,Alice,Boonyasak,Plant 1,25-1044 Harborview Medical Deck,5110,DESIGN - Connection Design,Drafting,3.0
2026-02-17,Alice,Boonyasak,Plant 1,25-1002 Belmont Industrial Phase II,5110,DESIGN - Connection Design,Drafting,5.0
2026-02-17,Ruben,Castellanos,Plant 3,OVERHEAD - General Engineering,6000,QC - Shop Review,Engineering,2.0
2026-02-17,Ruben,Castellanos,Plant 3,25-1130 Fairmount Stadium Risers,5120,DESIGN - Member Design,Engineering,6.0
2026-02-17,Nia,Okonkwo,Plant 3,25-1002 Belmont Industrial Phase II,5110,DRAFT - Piece Tickets,QC,8.0
2026-02-17,Sam,Petrov,Plant 2,OVERHEAD - General Engineering,6000,DRAFT - Erection Drawings,QC,2.0
2026-02-17,Sam,Petrov,Plant 2,25-1044 Harborview Medical Deck,5110,PM - Coordination,QC,6.0
2026-02-17,Iris,Hollander,Plant 1,24-1180 Riverside Parking Structure,5100,ADMIN - Meetings,Engineering,4.5
2026-02-17,Iris,Hollander,Plant 1,25-1091 Kestrel Logistics Hub,5120,PM - Coordination,Engineering,0.5
2026-02-17,Iris,Hollander,Plant 1,OVERHEAD - Training,6010,DESIGN - Connection Design,Engineering,3.0
2026-02-17,Kofi,Mensah,Plant 3,25-1044 Harborview Medical Deck,5110,PM - Coordination,Drafting,8.0
2026-02-18,Dana,Whitfield,Plant 1,25-1002 Belmont Industrial Phase II,5110,ADMIN - Meetings,Engineering,1.0
2026-02-18,Dana,Whitfield,Plant 1,25-1091 Kestrel Logistics Hub,5120,DESIGN - Member Design,Engineering,1.0
2026-02-18,Dana,Whitfield,Plant 1,25-1044 Harborview Medical Deck,5110,QC - Shop Review,Engineering,6.0
2026-02-18,Marcus,Ohara,Plant 1,25-1130 Fairmount Stadium Risers,5120,DESIGN - Connection Design,Engineering,4.5
2026-02-18,Marcus,Ohara,Plant 1,25-1002 Belmont Industrial Phase II,5110,DESIGN - Member Design,Engineering,3.5
2026-02-18,Priya,Raman,Plant 2,25-1091 Kestrel Logistics Hub,5120,PM - Coordination,Engineering,0.5
2026-02-18,Priya,Raman,Plant 2,OVERHEAD - General Engineering,6000,QC - Shop Review,Engineering,2.5
2026-02-18,Priya,Raman,Plant 2,25-1130 Fairmount Stadium Risers,5120,PM - Coordination,Engineering,5.0
2026-02-18,Tomas,Lindqvist,Plant 2,25-1130 Fairmount Stadium Risers,5120,DRAFT - Piece Tickets,Drafting,3.0
2026-02-18,Tomas,Lindqvist,Plant 2,25-1044 Harborview Medical Deck,5110,DRAFT - Piece Tickets,Drafting,5.0
2026-02-18,Alice,Boonyasak,Plant 1,24-1207 Northgate Transit Center,5100,DESIGN - Connection Design,Drafting,0.5
2026-02-18,Alice,Boonyasak,Plant 1,25-1002 Belmont Industrial Phase II,5110,DESIGN - Member Design,Drafting,1.5
2026-02-18,Alice,Boonyasak,Plant 1,25-1091 Kestrel Logistics Hub,5120,QC - Shop Review,Drafting,6.0
2026-02-18,Ruben,Castellanos,Plant 3,25-1130 Fairmount Stadium Risers,5120,DRAFT - Erection Drawings,Engineering,8.0
2026-02-18,Nia,Okonkwo,Plant 3,25-1130 Fairmount Stadium Risers,5120,PM - Coordination,QC,8.0
2026-02-18,Sam,Petrov,Plant 2,OVERHEAD - General Engineering,6000,ADMIN - Meetings,QC,8.0
2026-02-18,Iris,Hollander,Plant 1,OVERHEAD - General Engineering,6000,DESIGN - Connection Design,Engineering,6.0
2026-02-18,Iris,Hollander,Plant 1,25-1044 Harborview Medical Deck,5110,DESIGN - Member Design,Engineering,2.0
2026-02-18,Kofi,Mensah,Plant 3,24-1180 Riverside Parking Structure,5100,ADMIN - Meetings,Drafting,5.0
2026-02-18,Kofi,Mensah,Plant 3,OVERHEAD - Training,6010,DESIGN - Member Design,Drafting,3.0
2026-02-19,Dana,Whitfield,Plant 1,24-1180 Riverside Parking Structure,5100,DRAFT - Piece Tickets,Engineering,3.5
2026-02-19,Dana,Whitfield,Plant 1,25-1091 Kestrel Logistics Hub,5120,QC - Shop Review,Engineering,3.0
2026-02-19,Dana,Whitfield,Plant 1,25-1130 Fairmount Stadium Risers,5120,DRAFT - Piece Tickets,Engineering,1.5
2026-02-19,Marcus,Ohara,Plant 1,25-1002 Belmont Industrial Phase II,5110,QC - Shop Review,Engineering,2.0
2026-02-19,Marcus,Ohara,Plant 1,24-1207 Northgate Transit Center,5100,ADMIN - Meetings,Engineering,3.5
2026-02-19,Marcus,Ohara,Plant 1,OVERHEAD - General Engineering,6000,PM - Coordination,Engineering,2.5
2026-02-19,Priya,Raman,Plant 2,25-1091 Kestrel Logistics Hub,5120,DRAFT - Erection Drawings,Engineering,3.5
2026-02-19,Priya,Raman,Plant 2,25-1130 Fairmount Stadium Risers,5120,DRAFT - Erection Drawings,Engineering,1.5
2026-02-19,Priya,Raman,Plant 2,OVERHEAD - General Engineering,6000,DESIGN - Connection Design,Engineering,3.0
2026-02-19,Tomas,Lindqvist,Plant 2,OVERHEAD - Training,6010,DRAFT - Erection Drawings,Drafting,3.0
2026-02-19,Tomas,Lindqvist,Plant 2,OVERHEAD - Training,6010,DRAFT - Piece Tickets,Drafting,5.0
2026-02-19,Alice,Boonyasak,Plant 1,OVERHEAD - Training,6010,QC - Shop Review,Drafting,2.0
2026-02-19,Alice,Boonyasak,Plant 1,24-1207 Northgate Transit Center,5100,DESIGN - Member Design,Drafting,6.0
2026-02-19,Ruben,Castellanos,Plant 3,OVERHEAD - General Engineering,6000,PM - Coordination,Engineering,3.5
2026-02-19,Ruben,Castellanos,Plant 3,25-1044 Harborview Medical Deck,5110,DRAFT - Erection Drawings,Engineering,4.5
2026-02-19,Nia,Okonkwo,Plant 3,25-1002 Belmont Industrial Phase II,5110,DRAFT - Piece Tickets,QC,8.0
2026-02-19,Sam,Petrov,Plant 2,24-1180 Riverside Parking Structure,5100,DRAFT - Erection Drawings,QC,0.5
2026-02-19,Sam,Petrov,Plant 2,24-1207 Northgate Transit Center,5100,DRAFT - Erection Drawings,QC,5.5
2026-02-19,Sam,Petrov,Plant 2,OVERHEAD - Training,6010,DRAFT - Piece Tickets,QC,2.0
2026-02-19,Iris,Hollander,Plant 1,OVERHEAD - Training,6010,DESIGN - Member Design,Engineering,6.5
2026-02-19,Iris,Hollander,Plant 1,OVERHEAD - General Engineering,6000,DESIGN - Connection Design,Engineering,1.5
2026-02-19,Kofi,Mensah,Plant 3,25-1091 Kestrel Logistics Hub,5120,DESIGN - Member Design,Drafting,0.5
2026-02-19,Kofi,Mensah,Plant 3,25-1044 Harborview Medical Deck,5110,DRAFT - Piece Tickets,Drafting,2.0
2026-02-19,Kofi,Mensah,Plant 3,25-1044 Harborview Medical Deck,5110,QC - Shop Review,Drafting,5.5
2026-02-20,Dana,Whitfield,Plant 1,25-1044 Harborview Medical Deck,5110,PM - Coordination,Engineering,8.0
2026-02-20,Marcus,Ohara,Plant 1,24-1180 Riverside Parking Structure,5100,PM - Coordination,Engineering,8.0
2026-02-20,Priya,Raman,Plant 2,25-1002 Belmont Industrial Phase II,5110,ADMIN - Meetings,Engineering,8.0
2026-02-20,Tomas,Lindqvist,Plant 2,25-1044 Harborview Medical Deck,5110,QC - Shop Review,Drafting,8.0
2026-02-20,Alice,Boonyasak,Plant 1,24-1207 Northgate Transit Center,5100,ADMIN - Meetings,Drafting,8.0
2026-02-20,Ruben,Castellanos,Plant 3,24-1207 Northgate Transit Center,5100,DRAFT - Piece Tickets,Engineering,8.0
2026-02-20,Nia,Okonkwo,Plant 3,25-1091 Kestrel Logistics Hub,5120,DRAFT - Piece Tickets,QC,1.0
2026-02-20,Nia,Okonkwo,Plant 3,25-1130 Fairmount Stadium Risers,5120,DESIGN - Member Design,QC,5.0
2026-02-20,Nia,Okonkwo,Plant 3,OVERHEAD - Training,6010,ADMIN - Meetings,QC,2.0
2026-02-20,Sam,Petrov,Plant 2,24-1180 Riverside Parking Structure,5100,DESIGN - Connection Design,QC,8.0
2026-02-20,Iris,Hollander,Plant 1,24-1207 Northgate Transit Center,5100,PM - Coordination,Engineering,1.0
2026-02-20,Iris,Hollander,Plant 1,24-1180 Riverside Parking Structure,5100,PM - Coordination,Engineering,7.0
2026-02-20,Kofi,Mensah,Plant 3,25-1044 Harborview Medical Deck,5110,DRAFT - Erection Drawings,Drafting,0.5
2026-02-20,Kofi,Mensah,Plant 3,25-1130 Fairmount Stadium Risers,5120,ADMIN - Meetings,Drafting,7.5
2026-02-23,Dana,Whitfield,Plant 1,24-1207 Northgate Transit Center,5100,PM - Coordination,Engineering,1.0
2026-02-23,Dana,Whitfield,Plant 1,25-1091 Kestrel Logistics Hub,5120,ADMIN - Meetings,Engineering,7.0
2026-02-23,Marcus,Ohara,Plant 1,25-1002 Belmont Industrial Phase II,5110,PM - Coordination,Engineering,1.0
2026-02-23,Marcus,Ohara,Plant 1,24-1207 Northgate Transit Center,5100,DESIGN - Connection Design,Engineering,5.0
2026-02-23,Marcus,Ohara,Plant 1,25-1044 Harborview Medical Deck,5110,PM - Coordination,Engineering,2.0
2026-02-23,Priya,Raman,Plant 2,25-1091 Kestrel Logistics Hub,5120,DRAFT - Erection Drawings,Engineering,3.0
2026-02-23,Priya,Raman,Plant 2,25-1091 Kestrel Logistics Hub,5120,DESIGN - Member Design,Engineering,5.0
2026-02-23,Tomas,Lindqvist,Plant 2,25-1091 Kestrel Logistics Hub,5120,DESIGN - Member Design,Drafting,2.0
2026-02-23,Tomas,Lindqvist,Plant 2,25-1091 Kestrel Logistics Hub,5120,ADMIN - Meetings,Drafting,3.0
2026-02-23,Tomas,Lindqvist,Plant 2,25-1091 Kestrel Logistics Hub,5120,DRAFT - Erection Drawings,Drafting,3.0
2026-02-23,Ruben,Castellanos,Plant 3,25-1044 Harborview Medical Deck,5110,PM - Coordination,Engineering,8.0
2026-02-23,Nia,Okonkwo,Plant 3,25-1044 Harborview Medical Deck,5110,DRAFT - Erection Drawings,QC,3.0
2026-02-23,Nia,Okonkwo,Plant 3,24-1207 Northgate Transit Center,5100,QC - Shop Review,QC,4.5
2026-02-23,Nia,Okonkwo,Plant 3,24-1180 Riverside Parking Structure,5100,DRAFT - Erection Drawings,QC,0.5
2026-02-23,Sam,Petrov,Plant 2,24-1180 Riverside Parking Structure,5100,QC - Shop Review,QC,2.0
2026-02-23,Sam,Petrov,Plant 2,OVERHEAD - General Engineering,6000,DESIGN - Connection Design,QC,5.5
2026-02-23,Sam,Petrov,Plant 2,25-1130 Fairmount Stadium Risers,5120,PM - Coordination,QC,0.5
2026-02-23,Kofi,Mensah,Plant 3,OVERHEAD - General Engineering,6000,DRAFT - Piece Tickets,Drafting,3.0
2026-02-23,Kofi,Mensah,Plant 3,OVERHEAD - General Engineering,6000,DESIGN - Connection Design,Drafting,5.0
2026-02-24,Dana,Whitfield,Plant 1,OVERHEAD - Training,6010,DESIGN - Member Design,Engineering,8.0
2026-02-24,Marcus,Ohara,Plant 1,24-1180 Riverside Parking Structure,5100,QC - Shop Review,Engineering,7.5
2026-02-24,Marcus,Ohara,Plant 1,OVERHEAD - Training,6010,DRAFT - Erection Drawings,Engineering,0.5
2026-02-24,Priya,Raman,Plant 2,25-1002 Belmont Industrial Phase II,5110,DRAFT - Erection Drawings,Engineering,5.0
2026-02-24,Priya,Raman,Plant 2,25-1091 Kestrel Logistics Hub,5120,QC - Shop Review,Engineering,3.0
2026-02-24,Tomas,Lindqvist,Plant 2,OVERHEAD - General Engineering,6000,DESIGN - Connection Design,Drafting,8.0
2026-02-24,Alice,Boonyasak,Plant 1,25-1130 Fairmount Stadium Risers,5120,DRAFT - Piece Tickets,Drafting,3.5
2026-02-24,Alice,Boonyasak,Plant 1,OVERHEAD - General Engineering,6000,ADMIN - Meetings,Drafting,4.5
2026-02-24,Ruben,Castellanos,Plant 3,24-1207 Northgate Transit Center,5100,DRAFT - Piece Tickets,Engineering,8.0
2026-02-24,Nia,Okonkwo,Plant 3,25-1130 Fairmount Stadium Risers,5120,DESIGN - Connection Design,QC,1.0
2026-02-24,Nia,Okonkwo,Plant 3,25-1130 Fairmount Stadium Risers,5120,DRAFT - Erection Drawings,QC,7.0
2026-02-24,Sam,Petrov,Plant 2,25-1130 Fairmount Stadium Risers,5120,DRAFT - Erection Drawings,QC,2.5
2026-02-24,Sam,Petrov,Plant 2,25-1002 Belmont Industrial Phase II,5110,DRAFT - Piece Tickets,QC,0.5
2026-02-24,Sam,Petrov,Plant 2,OVERHEAD - Training,6010,PM - Coordination,QC,5.0
2026-02-24,Iris,Hollander,Plant 1,25-1044 Harborview Medical Deck,5110,ADMIN - Meetings,Engineering,8.0
2026-02-24,Kofi,Mensah,Plant 3,25-1044 Harborview Medical Deck,5110,DESIGN - Connection Design,Drafting,8.0
2026-02-25,Dana,Whitfield,Plant 1,OVERHEAD - Training,6010,DRAFT - Erection Drawings,Engineering,8.0
2026-02-25,Marcus,Ohara,Plant 1,24-1207 Northgate Transit Center,5100,ADMIN - Meetings,Engineering,1.0
2026-02-25,Marcus,Ohara,Plant 1,OVERHEAD - General Engineering,6000,ADMIN - Meetings,Engineering,0.5
2026-02-25,Marcus,Ohara,Plant 1,OVERHEAD - Training,6010,ADMIN - Meetings,Engineering,6.5
2026-02-25,Priya,Raman,Plant 2,25-1044 Harborview Medical Deck,5110,ADMIN - Meetings,Engineering,8.0
2026-02-25,Tomas,Lindqvist,Plant 2,24-1207 Northgate Transit Center,5100,QC - Shop Review,Drafting,3.5
2026-02-25,Tomas,Lindqvist,Plant 2,25-1044 Harborview Medical Deck,5110,DESIGN - Connection Design,Drafting,4.5
2026-02-25,Alice,Boonyasak,Plant 1,OVERHEAD - Training,6010,DRAFT - Piece Tickets,Drafting,7.5
2026-02-25,Alice,Boonyasak,Plant 1,25-1002 Belmont Industrial Phase II,5110,DESIGN - Connection Design,Drafting,0.5
2026-02-25,Ruben,Castellanos,Plant 3,25-1130 Fairmount Stadium Risers,5120,DESIGN - Connection Design,Engineering,2.5
2026-02-25,Ruben,Castellanos,Plant 3,25-1002 Belmont Industrial Phase II,5110,QC - Shop Review,Engineering,5.5
2026-02-25,Nia,Okonkwo,Plant 3,24-1207 Northgate Transit Center,5100,PM - Coordination,QC,8.0
2026-02-25,Sam,Petrov,Plant 2,25-1091 Kestrel Logistics Hub,5120,DESIGN - Member Design,QC,8.0
2026-02-25,Iris,Hollander,Plant 1,25-1002 Belmont Industrial Phase II,5110,DRAFT - Erection Drawings,Engineering,8.0
2026-02-25,Kofi,Mensah,Plant 3,24-1207 Northgate Transit Center,5100,DESIGN - Connection Design,Drafting,1.0
2026-02-25,Kofi,Mensah,Plant 3,25-1002 Belmont Industrial Phase II,5110,DRAFT - Erection Drawings,Drafting,7.0
2026-02-26,Dana,Whitfield,Plant 1,24-1180 Riverside Parking Structure,5100,QC - Shop Review,Engineering,8.0
2026-02-26,Marcus,Ohara,Plant 1,OVERHEAD - General Engineering,6000,DESIGN - Connection Design,Engineering,3.0
2026-02-26,Marcus,Ohara,Plant 1,OVERHEAD - Training,6010,DESIGN - Member Design,Engineering,5.0
2026-02-26,Priya,Raman,Plant 2,OVERHEAD - General Engineering,6000,DRAFT - Erection Drawings,Engineering,0.5
2026-02-26,Priya,Raman,Plant 2,OVERHEAD - Training,6010,PM - Coordination,Engineering,0.5
2026-02-26,Priya,Raman,Plant 2,OVERHEAD - General Engineering,6000,DRAFT - Piece Tickets,Engineering,7.0
2026-02-26,Tomas,Lindqvist,Plant 2,25-1044 Harborview Medical Deck,5110,QC - Shop Review,Drafting,4.0
2026-02-26,Tomas,Lindqvist,Plant 2,24-1207 Northgate Transit Center,5100,PM - Coordination,Drafting,4.0
2026-02-26,Ruben,Castellanos,Plant 3,24-1207 Northgate Transit Center,5100,DESIGN - Connection Design,Engineering,8.0
2026-02-26,Nia,Okonkwo,Plant 3,OVERHEAD - Training,6010,DESIGN - Connection Design,QC,5.5
2026-02-26,Nia,Okonkwo,Plant 3,25-1130 Fairmount Stadium Risers,5120,PM - Coordination,QC,2.5
2026-02-26,Sam,Petrov,Plant 2,25-1044 Harborview Medical Deck,5110,QC - Shop Review,QC,4.0
2026-02-26,Sam,Petrov,Plant 2,24-1180 Riverside Parking Structure,5100,DESIGN - Member Design,QC,4.0
2026-02-26,Iris,Hollander,Plant 1,25-1130 Fairmount Stadium Risers,5120,PM - Coordination,Engineering,5.0
2026-02-26,Iris,Hollander,Plant 1,25-1044 Harborview Medical Deck,5110,DESIGN - Connection Design,Engineering,0.5
2026-02-26,Iris,Hollander,Plant 1,25-1002 Belmont Industrial Phase II,5110,PM - Coordination,Engineering,2.5
2026-02-26,Kofi,Mensah,Plant 3,25-1130 Fairmount Stadium Risers,5120,QC - Shop Review,Drafting,8.0
2026-02-27,Dana,Whitfield,Plant 1,OVERHEAD - Training,6010,QC - Shop Review,Engineering,3.5
2026-02-27,Dana,Whitfield,Plant 1,25-1130 Fairmount Stadium Risers,5120,DESIGN - Member Design,Engineering,4.5
2026-02-27,Marcus,Ohara,Plant 1,OVERHEAD - General Engineering,6000,DRAFT - Erection Drawings,Engineering,5.0
2026-02-27,Marcus,Ohara,Plant 1,25-1130 Fairmount Stadium Risers,5120,PM - Coordination,Engineering,1.5
2026-02-27,Marcus,Ohara,Plant 1,25-1091 Kestrel Logistics Hub,5120,DRAFT - Piece Tickets,Engineering,1.5
2026-02-27,Priya,Raman,Plant 2,25-1044 Harborview Medical Deck,5110,PM - Coordination,Engineering,5.0
2026-02-27,Priya,Raman,Plant 2,OVERHEAD - Training,6010,DRAFT - Erection Drawings,Engineering,3.0
2026-02-27,Tomas,Lindqvist,Plant 2,24-1180 Riverside Parking Structure,5100,PM - Coordination,Drafting,3.5
2026-02-27,Tomas,Lindqvist,Plant 2,25-1091 Kestrel Logistics Hub,5120,DESIGN - Member Design,Drafting,3.0
2026-02-27,Tomas,Lindqvist,Plant 2,25-1044 Harborview Medical Deck,5110,DRAFT - Erection Drawings,Drafting,1.5
2026-02-27,Alice,Boonyasak,Plant 1,25-1130 Fairmount Stadium Risers,5120,DESIGN - Member Design,Drafting,4.0
2026-02-27,Alice,Boonyasak,Plant 1,25-1091 Kestrel Logistics Hub,5120,ADMIN - Meetings,Drafting,0.5
2026-02-27,Alice,Boonyasak,Plant 1,25-1002 Belmont Industrial Phase II,5110,ADMIN - Meetings,Drafting,3.5
2026-02-27,Ruben,Castellanos,Plant 3,25-1002 Belmont Industrial Phase II,5110,DRAFT - Piece Tickets,Engineering,6.0
2026-02-27,Ruben,Castellanos,Plant 3,25-1091 Kestrel Logistics Hub,5120,DESIGN - Connection Design,Engineering,0.5
2026-02-27,Ruben,Castellanos,Plant 3,25-1091 Kestrel Logistics Hub,5120,PM - Coordination,Engineering,1.5
2026-02-27,Nia,Okonkwo,Plant 3,24-1180 Riverside Parking Structure,5100,DESIGN - Member Design,QC,4.5
2026-02-27,Nia,Okonkwo,Plant 3,25-1002 Belmont Industrial Phase II,5110,PM - Coordination,QC,3.5
2026-02-27,Sam,Petrov,Plant 2,OVERHEAD - Training,6010,DESIGN - Connection Design,QC,8.0
2026-02-27,Iris,Hollander,Plant 1,25-1091 Kestrel Logistics Hub,5120,DESIGN - Member Design,Engineering,3.5
2026-02-27,Iris,Hollander,Plant 1,OVERHEAD - General Engineering,6000,ADMIN - Meetings,Engineering,2.5
2026-02-27,Iris,Hollander,Plant 1,OVERHEAD - General Engineering,6000,QC - Shop Review,Engineering,2.0
2026-02-27,Kofi,Mensah,Plant 3,24-1207 Northgate Transit Center,5100,ADMIN - Meetings,Drafting,6.0
2026-02-27,Kofi,Mensah,Plant 3,OVERHEAD - General Engineering,6000,DESIGN - Member Design,Drafting,2.0
2026-03-02,Dana,Whitfield,Plant 1,25-1091 Kestrel Logistics Hub,5120,DESIGN - Connection Design,Engineering,1.5
2026-03-02,Dana,Whitfield,Plant 1,24-1180 Riverside Parking Structure,5100,QC - Shop Review,Engineering,3.5
2026-03-02,Dana,Whitfield,Plant 1,OVERHEAD - General Engineering,6000,QC - Shop Review,Engineering,3.0
2026-03-02,Marcus,Ohara,Plant 1,25-1091 Kestrel Logistics Hub,5120,QC - Shop Review,Engineering,5.5
2026-03-02,Marcus,Ohara,Plant 1,25-1130 Fairmount Stadium Risers,5120,DRAFT - Piece Tickets,Engineering,2.5
2026-03-02,Priya,Raman,Plant 2,25-1091 Kestrel Logistics Hub,5120,DRAFT - Erection Drawings,Engineering,0.5
2026-03-02,Priya,Raman,Plant 2,OVERHEAD - Training,6010,DRAFT - Erection Drawings,Engineering,2.0
2026-03-02,Priya,Raman,Plant 2,24-1207 Northgate Transit Center,5100,ADMIN - Meetings,Engineering,5.5
2026-03-02,Tomas,Lindqvist,Plant 2,24-1180 Riverside Parking Structure,5100,QC - Shop Review,Drafting,3.0
2026-03-02,Tomas,Lindqvist,Plant 2,24-1207 Northgate Transit Center,5100,DRAFT - Erection Drawings,Drafting,5.0
2026-03-02,Alice,Boonyasak,Plant 1,OVERHEAD - General Engineering,6000,DRAFT - Erection Drawings,Drafting,8.0
2026-03-02,Ruben,Castellanos,Plant 3,25-1002 Belmont Industrial Phase II,5110,ADMIN - Meetings,Engineering,8.0
2026-03-02,Nia,Okonkwo,Plant 3,25-1091 Kestrel Logistics Hub,5120,QC - Shop Review,QC,3.0
2026-03-02,Nia,Okonkwo,Plant 3,25-1091 Kestrel Logistics Hub,5120,DRAFT - Piece Tickets,QC,2.0
2026-03-02,Nia,Okonkwo,Plant 3,OVERHEAD - General Engineering,6000,DRAFT - Erection Drawings,QC,3.0
2026-03-02,Iris,Hollander,Plant 1,25-1002 Belmont Industrial Phase II,5110,DESIGN - Connection Design,Engineering,8.0
2026-03-02,Kofi,Mensah,Plant 3,24-1207 Northgate Transit Center,5100,DRAFT - Erection Drawings,Drafting,7.5
2026-03-02,Kofi,Mensah,Plant 3,OVERHEAD - General Engineering,6000,DESIGN - Connection Design,Drafting,0.5
2026-03-03,Dana,Whitfield,Plant 1,25-1044 Harborview Medical Deck,5110,DRAFT - Piece Tickets,Engineering,7.0
2026-03-03,Dana,Whitfield,Plant 1,OVERHEAD - General Engineering,6000,PM - Coordination,Engineering,1.0
2026-03-03,Marcus,Ohara,Plant 1,25-1091 Kestrel Logistics Hub,5120,PM - Coordination,Engineering,3.0
2026-03-03,Marcus,Ohara,Plant 1,25-1091 Kestrel Logistics Hub,5120,ADMIN - Meetings,Engineering,5.0
2026-03-03,Priya,Raman,Plant 2,OVERHEAD - General Engineering,6000,DESIGN - Member Design,Engineering,3.0
2026-03-03,Priya,Raman,Plant 2,25-1002 Belmont Industrial Phase II,5110,DRAFT - Piece Tickets,Engineering,5.0
2026-03-03,Alice,Boonyasak,Plant 1,25-1091 Kestrel Logistics Hub,5120,ADMIN - Meetings,Drafting,8.0
2026-03-03,Ruben,Castellanos,Plant 3,OVERHEAD - General Engineering,6000,DRAFT - Erection Drawings,Engineering,8.0
2026-03-03,Nia,Okonkwo,Plant 3,24-1180 Riverside Parking Structure,5100,DRAFT - Piece Tickets,QC,4.5
2026-03-03,Nia,Okonkwo,Plant 3,25-1002 Belmont Industrial Phase II,5110,DESIGN - Connection Design,QC,2.0
2026-03-03,Nia,Okonkwo,Plant 3,OVERHEAD - General Engineering,6000,QC - Shop Review,QC,1.5
2026-03-03,Sam,Petrov,Plant 2,OVERHEAD - Training,6010,DRAFT - Piece Tickets,QC,5.0
2026-03-03,Sam,Petrov,Plant 2,OVERHEAD - General Engineering,6000,DRAFT - Piece Tickets,QC,2.0
2026-03-03,Sam,Petrov,Plant 2,OVERHEAD - General Engineering,6000,PM - Coordination,QC,1.0
2026-03-03,Iris,Hollander,Plant 1,25-1130 Fairmount Stadium Risers,5120,PM - Coordination,Engineering,5.0
2026-03-03,Iris,Hollander,Plant 1,25-1044 Harborview Medical Deck,5110,PM - Coordination,Engineering,3.0
2026-03-03,Kofi,Mensah,Plant 3,OVERHEAD - Training,6010,DESIGN - Connection Design,Drafting,1.0
2026-03-03,Kofi,Mensah,Plant 3,OVERHEAD - Training,6010,PM - Coordination,Drafting,7.0
2026-03-04,Dana,Whitfield,Plant 1,25-1091 Kestrel Logistics Hub,5120,QC - Shop Review,Engineering,5.5
2026-03-04,Dana,Whitfield,Plant 1,24-1207 Northgate Transit Center,5100,ADMIN - Meetings,Engineering,1.5
2026-03-04,Dana,Whitfield,Plant 1,25-1091 Kestrel Logistics Hub,5120,DRAFT - Piece Tickets,Engineering,1.0
2026-03-04,Marcus,Ohara,Plant 1,24-1180 Riverside Parking Structure,5100,PM - Coordination,Engineering,6.0
2026-03-04,Marcus,Ohara,Plant 1,25-1130 Fairmount Stadium Risers,5120,DRAFT - Piece Tickets,Engineering,2.0
2026-03-04,Priya,Raman,Plant 2,25-1002 Belmont Industrial Phase II,5110,ADMIN - Meetings,Engineering,4.5
2026-03-04,Priya,Raman,Plant 2,24-1180 Riverside Parking Structure,5100,DESIGN - Member Design,Engineering,3.0
2026-03-04,Priya,Raman,Plant 2,25-1130 Fairmount Stadium Risers,5120,QC - Shop Review,Engineering,0.5
2026-03-04,Tomas,Lindqvist,Plant 2,25-1091 Kestrel Logistics Hub,5120,DESIGN - Connection Design,Drafting,8.0
2026-03-04,Alice,Boonyasak,Plant 1,25-1044 Harborview Medical Deck,5110,ADMIN - Meetings,Drafting,4.5
2026-03-04,Alice,Boonyasak,Plant 1,25-1091 Kestrel Logistics Hub,5120,DRAFT - Piece Tickets,Drafting,1.5
2026-03-04,Alice,Boonyasak,Plant 1,25-1044 Harborview Medical Deck,5110,PM - Coordination,Drafting,2.0
2026-03-04,Ruben,Castellanos,Plant 3,24-1207 Northgate Transit Center,5100,ADMIN - Meetings,Engineering,3.5
2026-03-04,Ruben,Castellanos,Plant 3,25-1044 Harborview Medical Deck,5110,PM - Coordination,Engineering,1.5
2026-03-04,Ruben,Castellanos,Plant 3,OVERHEAD - General Engineering,6000,DESIGN - Member Design,Engineering,3.0
2026-03-04,Nia,Okonkwo,Plant 3,OVERHEAD - Training,6010,DRAFT - Piece Tickets,QC,8.0
2026-03-04,Sam,Petrov,Plant 2,25-1002 Belmont Industrial Phase II,5110,ADMIN - Meetings,QC,8.0
2026-03-04,Iris,Hollander,Plant 1,OVERHEAD - General Engineering,6000,QC - Shop Review,Engineering,3.5
2026-03-04,Iris,Hollander,Plant 1,24-1207 Northgate Transit Center,5100,PM - Coordination,Engineering,1.5
2026-03-04,Iris,Hollander,Plant 1,25-1130 Fairmount Stadium Risers,5120,DESIGN - Member Design,Engineering,3.0
2026-03-04,Kofi,Mensah,Plant 3,25-1044 Harborview Medical Deck,5110,DESIGN - Member Design,Drafting,5.0
2026-03-04,Kofi,Mensah,Plant 3,25-1002 Belmont Industrial Phase II,5110,ADMIN - Meetings,Drafting,3.0
2026-03-05,Dana,Whitfield,Plant 1,OVERHEAD - General Engineering,6000,QC - Shop Review,Engineering,3.5
2026-03-05,Dana,Whitfield,Plant 1,25-1130 Fairmount Stadium Risers,5120,DRAFT - Piece Tickets,Engineering,2.0
2026-03-05,Dana,Whitfield,Plant 1,25-1091 Kestrel Logistics Hub,5120,ADMIN - Meetings,Engineering,2.5
2026-03-05,Marcus,Ohara,Plant 1,OVERHEAD - Training,6010,DESIGN - Member Design,Engineering,2.0
2026-03-05,Marcus,Ohara,Plant 1,25-1091 Kestrel Logistics Hub,5120,PM - Coordination,Engineering,4.5
2026-03-05,Marcus,Ohara,Plant 1,25-1044 Harborview Medical Deck,5110,DESIGN - Member Design,Engineering,1.5
2026-03-05,Priya,Raman,Plant 2,25-1002 Belmont Industrial Phase II,5110,ADMIN - Meetings,Engineering,8.0
2026-03-05,Tomas,Lindqvist,Plant 2,25-1130 Fairmount Stadium Risers,5120,ADMIN - Meetings,Drafting,7.5
2026-03-05,Tomas,Lindqvist,Plant 2,24-1207 Northgate Transit Center,5100,DRAFT - Erection Drawings,Drafting,0.5
2026-03-05,Alice,Boonyasak,Plant 1,25-1002 Belmont Industrial Phase II,5110,QC - Shop Review,Drafting,6.0
2026-03-05,Alice,Boonyasak,Plant 1,OVERHEAD - General Engineering,6000,DESIGN - Member Design,Drafting,2.0
2026-03-05,Ruben,Castellanos,Plant 3,25-1002 Belmont Industrial Phase II,5110,DESIGN - Member Design,Engineering,8.0
2026-03-05,Nia,Okonkwo,Plant 3,25-1091 Kestrel Logistics Hub,5120,DRAFT - Piece Tickets,QC,2.5
2026-03-05,Nia,Okonkwo,Plant 3,24-1180 Riverside Parking Structure,5100,DRAFT - Piece Tickets,QC,5.5
2026-03-05,Sam,Petrov,Plant 2,OVERHEAD - General Engineering,6000,QC - Shop Review,QC,2.5
2026-03-05,Sam,Petrov,Plant 2,25-1091 Kestrel Logistics Hub,5120,DRAFT - Piece Tickets,QC,3.0
2026-03-05,Sam,Petrov,Plant 2,25-1091 Kestrel Logistics Hub,5120,DESIGN - Connection Design,QC,2.5
2026-03-05,Iris,Hollander,Plant 1,OVERHEAD - General Engineering,6000,QC - Shop Review,Engineering,1.5
2026-03-05,Iris,Hollander,Plant 1,25-1044 Harborview Medical Deck,5110,DRAFT - Erection Drawings,Engineering,6.5
2026-03-05,Kofi,Mensah,Plant 3,24-1207 Northgate Transit Center,5100,DESIGN - Member Design,Drafting,7.5
2026-03-05,Kofi,Mensah,Plant 3,24-1180 Riverside Parking Structure,5100,DRAFT - Erection Drawings,Drafting,0.5
2026-03-06,Dana,Whitfield,Plant 1,24-1207 Northgate Transit Center,5100,DRAFT - Erection Drawings,Engineering,8.0
2026-03-06,Marcus,Ohara,Plant 1,25-1091 Kestrel Logistics Hub,5120,DESIGN - Connection Design,Engineering,8.0
2026-03-06,Priya,Raman,Plant 2,25-1130 Fairmount Stadium Risers,5120,DRAFT - Erection Drawings,Engineering,5.5
2026-03-06,Priya,Raman,Plant 2,24-1207 Northgate Transit Center,5100,ADMIN - Meetings,Engineering,2.5
2026-03-06,Tomas,Lindqvist,Plant 2,25-1002 Belmont Industrial Phase II,5110,QC - Shop Review,Drafting,7.0
2026-03-06,Tomas,Lindqvist,Plant 2,24-1180 Riverside Parking Structure,5100,ADMIN - Meetings,Drafting,1.0
2026-03-06,Alice,Boonyasak,Plant 1,25-1130 Fairmount Stadium Risers,5120,PM - Coordination,Drafting,7.0
2026-03-06,Alice,Boonyasak,Plant 1,25-1044 Harborview Medical Deck,5110,QC - Shop Review,Drafting,1.0
2026-03-06,Ruben,Castellanos,Plant 3,OVERHEAD - Training,6010,QC - Shop Review,Engineering,5.0
2026-03-06,Ruben,Castellanos,Plant 3,OVERHEAD - General Engineering,6000,DRAFT - Erection Drawings,Engineering,2.0
2026-03-06,Ruben,Castellanos,Plant 3,25-1002 Belmont Industrial Phase II,5110,PM - Coordination,Engineering,1.0
2026-03-06,Nia,Okonkwo,Plant 3,25-1002 Belmont Industrial Phase II,5110,DRAFT - Erection Drawings,QC,6.5
2026-03-06,Nia,Okonkwo,Plant 3,25-1002 Belmont Industrial Phase II,5110,ADMIN - Meetings,QC,0.5
2026-03-06,Nia,Okonkwo,Plant 3,24-1180 Riverside Parking Structure,5100,DESIGN - Connection Design,QC,1.0
2026-03-06,Iris,Hollander,Plant 1,25-1044 Harborview Medical Deck,5110,QC - Shop Review,Engineering,1.0
2026-03-06,Iris,Hollander,Plant 1,25-1091 Kestrel Logistics Hub,5120,DRAFT - Piece Tickets,Engineering,2.0
2026-03-06,Iris,Hollander,Plant 1,24-1180 Riverside Parking Structure,5100,PM - Coordination,Engineering,5.0
2026-03-06,Kofi,Mensah,Plant 3,OVERHEAD - General Engineering,6000,DESIGN - Connection Design,Drafting,1.0
2026-03-06,Kofi,Mensah,Plant 3,24-1180 Riverside Parking Structure,5100,QC - Shop Review,Drafting,4.5
2026-03-06,Kofi,Mensah,Plant 3,25-1002 Belmont Industrial Phase II,5110,DESIGN - Connection Design,Drafting,2.5
2026-03-09,Dana,Whitfield,Plant 1,OVERHEAD - Training,6010,DESIGN - Member Design,Engineering,6.5
2026-03-09,Dana,Whitfield,Plant 1,25-1002 Belmont Industrial Phase II,5110,DRAFT - Piece Tickets,Engineering,1.0
2026-03-09,Dana,Whitfield,Plant 1,25-1091 Kestrel Logistics Hub,5120,ADMIN - Meetings,Engineering,0.5
2026-03-09,Marcus,Ohara,Plant 1,25-1130 Fairmount Stadium Risers,5120,PM - Coordination,Engineering,1.5
2026-03-09,Marcus,Ohara,Plant 1,24-1180 Riverside Parking Structure,5100,DESIGN - Member Design,Engineering,6.5
2026-03-09,Priya,Raman,Plant 2,25-1002 Belmont Industrial Phase II,5110,QC - Shop Review,Engineering,8.0
2026-03-09,Tomas,Lindqvist,Plant 2,OVERHEAD - Training,6010,ADMIN - Meetings,Drafting,8.0
2026-03-09,Alice,Boonyasak,Plant 1,25-1044 Harborview Medical Deck,5110,DESIGN - Connection Design,Drafting,7.0
2026-03-09,Alice,Boonyasak,Plant 1,25-1130 Fairmount Stadium Risers,5120,PM - Coordination,Drafting,1.0
2026-03-09,Ruben,Castellanos,Plant 3,24-1180 Riverside Parking Structure,5100,QC - Shop Review,Engineering,8.0
2026-03-09,Nia,Okonkwo,Plant 3,OVERHEAD - Training,6010,ADMIN - Meetings,QC,0.5
2026-03-09,Nia,Okonkwo,Plant 3,24-1207 Northgate Transit Center,5100,DESIGN - Member Design,QC,7.5
2026-03-09,Iris,Hollander,Plant 1,OVERHEAD - Training,6010,ADMIN - Meetings,Engineering,0.5
2026-03-09,Iris,Hollander,Plant 1,24-1180 Riverside Parking Structure,5100,QC - Shop Review,Engineering,1.0
2026-03-09,Iris,Hollander,Plant 1,25-1091 Kestrel Logistics Hub,5120,DESIGN - Connection Design,Engineering,6.5
2026-03-09,Kofi,Mensah,Plant 3,OVERHEAD - General Engineering,6000,ADMIN - Meetings,Drafting,2.5
2026-03-09,Kofi,Mensah,Plant 3,OVERHEAD - Training,6010,DESIGN - Connection Design,Drafting,5.5
2026-03-10,Dana,Whitfield,Plant 1,25-1044 Harborview Medical Deck,5110,QC - Shop Review,Engineering,1.5
2026-03-10,Dana,Whitfield,Plant 1,25-1002 Belmont Industrial Phase II,5110,QC - Shop Review,Engineering,2.0
2026-03-10,Dana,Whitfield,Plant 1,25-1002 Belmont Industrial Phase II,5110,ADMIN - Meetings,Engineering,4.5
2026-03-10,Marcus,Ohara,Plant 1,OVERHEAD - Training,6010,DRAFT - Piece Tickets,Engineering,1.0
2026-03-10,Marcus,Ohara,Plant 1,25-1130 Fairmount Stadium Risers,5120,DESIGN - Member Design,Engineering,7.0
2026-03-10,Priya,Raman,Plant 2,OVERHEAD - Training,6010,DESIGN - Member Design,Engineering,0.5
2026-03-10,Priya,Raman,Plant 2,OVERHEAD - Training,6010,PM - Coordination,Engineering,7.5
2026-03-10,Tomas,Lindqvist,Plant 2,OVERHEAD - General Engineering,6000,DRAFT - Erection Drawings,Drafting,4.0
2026-03-10,Tomas,Lindqvist,Plant 2,25-1044 Harborview Medical Deck,5110,DRAFT - Piece Tickets,Drafting,0.5
2026-03-10,Tomas,Lindqvist,Plant 2,OVERHEAD - Training,6010,QC - Shop Review,Drafting,3.5
2026-03-10,Alice,Boonyasak,Plant 1,24-1207 Northgate Transit Center,5100,DRAFT - Erection Drawings,Drafting,2.0
2026-03-10,Alice,Boonyasak,Plant 1,24-1180 Riverside Parking Structure,5100,DESIGN - Member Design,Drafting,5.5
2026-03-10,Alice,Boonyasak,Plant 1,24-1207 Northgate Transit Center,5100,QC - Shop Review,Drafting,0.5
2026-03-10,Ruben,Castellanos,Plant 3,25-1130 Fairmount Stadium Risers,5120,DRAFT - Erection Drawings,Engineering,0.5
2026-03-10,Ruben,Castellanos,Plant 3,OVERHEAD - General Engineering,6000,DRAFT - Erection Drawings,Engineering,0.5
2026-03-10,Ruben,Castellanos,Plant 3,24-1180 Riverside Parking Structure,5100,DESIGN - Connection Design,Engineering,7.0
2026-03-10,Nia,Okonkwo,Plant 3,OVERHEAD - General Engineering,6000,DRAFT - Piece Tickets,QC,8.0
2026-03-10,Sam,Petrov,Plant 2,25-1130 Fairmount Stadium Risers,5120,QC - Shop Review,QC,3.0
2026-03-10,Sam,Petrov,Plant 2,25-1130 Fairmount Stadium Risers,5120,DESIGN - Connection Design,QC,5.0
2026-03-10,Iris,Hollander,Plant 1,24-1180 Riverside Parking Structure,5100,QC - Shop Review,Engineering,3.0
2026-03-10,Iris,Hollander,Plant 1,OVERHEAD - Training,6010,PM - Coordination,Engineering,1.0
2026-03-10,Iris,Hollander,Plant 1,25-1002 Belmont Industrial Phase II,5110,DESIGN - Member Design,Engineering,4.0
2026-03-10,Kofi,Mensah,Plant 3,25-1044 Harborview Medical Deck,5110,DESIGN - Member Design,Drafting,8.0
2026-03-11,Dana,Whitfield,Plant 1,24-1207 Northgate Transit Center,5100,QC - Shop Review,Engineering,7.5
2026-03-11,Dana,Whitfield,Plant 1,25-1002 Belmont Industrial Phase II,5110,QC - Shop Review,Engineering,0.5
2026-03-11,Marcus,Ohara,Plant 1,24-1207 Northgate Transit Center,5100,DESIGN - Connection Design,Engineering,8.0
2026-03-11,Priya,Raman,Plant 2,25-1091 Kestrel Logistics Hub,5120,ADMIN - Meetings,Engineering,8.0
2026-03-11,Tomas,Lindqvist,Plant 2,25-1091 Kestrel Logistics Hub,5120,DESIGN - Connection Design,Drafting,7.5
2026-03-11,Tomas,Lindqvist,Plant 2,25-1091 Kestrel Logistics Hub,5120,DRAFT - Piece Tickets,Drafting,0.5
2026-03-11,Alice,Boonyasak,Plant 1,25-1091 Kestrel Logistics Hub,5120,DRAFT - Erection Drawings,Drafting,8.0
2026-03-11,Ruben,Castellanos,Plant 3,OVERHEAD - Training,6010,ADMIN - Meetings,Engineering,1.5
2026-03-11,Ruben,Castellanos,Plant 3,24-1180 Riverside Parking Structure,5100,DRAFT - Erection Drawings,Engineering,4.5
2026-03-11,Ruben,Castellanos,Plant 3,OVERHEAD - Training,6010,DRAFT - Piece Tickets,Engineering,2.0
2026-03-11,Nia,Okonkwo,Plant 3,25-1130 Fairmount Stadium Risers,5120,ADMIN - Meetings,QC,6.5
2026-03-11,Nia,Okonkwo,Plant 3,25-1002 Belmont Industrial Phase II,5110,QC - Shop Review,QC,1.5
2026-03-11,Sam,Petrov,Plant 2,25-1002 Belmont Industrial Phase II,5110,DRAFT - Piece Tickets,QC,8.0
2026-03-11,Iris,Hollander,Plant 1,25-1091 Kestrel Logistics Hub,5120,DESIGN - Member Design,Engineering,7.5
2026-03-11,Iris,Hollander,Plant 1,OVERHEAD - Training,6010,DRAFT - Erection Drawings,Engineering,0.5
2026-03-11,Kofi,Mensah,Plant 3,24-1180 Riverside Parking Structure,5100,PM - Coordination,Drafting,2.0
2026-03-11,Kofi,Mensah,Plant 3,OVERHEAD - Training,6010,PM - Coordination,Drafting,6.0
2026-03-12,Dana,Whitfield,Plant 1,25-1044 Harborview Medical Deck,5110,ADMIN - Meetings,Engineering,8.0
2026-03-12,Marcus,Ohara,Plant 1,OVERHEAD - Training,6010,PM - Coordination,Engineering,8.0
2026-03-12,Priya,Raman,Plant 2,24-1207 Northgate Transit Center,5100,DESIGN - Connection Design,Engineering,2.0
2026-03-12,Priya,Raman,Plant 2,24-1180 Riverside Parking Structure,5100,QC - Shop Review,Engineering,6.0
2026-03-12,Tomas,Lindqvist,Plant 2,25-1130 Fairmount Stadium Risers,5120,DRAFT - Erection Drawings,Drafting,5.0
2026-03-12,Tomas,Lindqvist,Plant 2,24-1207 Northgate Transit Center,5100,DESIGN - Member Design,Drafting,0.5
2026-03-12,Tomas,Lindqvist,Plant 2,25-1044 Harborview Medical Deck,5110,QC - Shop Review,Drafting,2.5
2026-03-12,Alice,Boonyasak,Plant 1,24-1180 Riverside Parking Structure,5100,DRAFT - Erection Drawings,Drafting,4.5
2026-03-12,Alice,Boonyasak,Plant 1,25-1044 Harborview Medical Deck,5110,ADMIN - Meetings,Drafting,3.5
2026-03-12,Ruben,Castellanos,Plant 3,24-1180 Riverside Parking Structure,5100,DRAFT - Piece Tickets,Engineering,8.0
2026-03-12,Nia,Okonkwo,Plant 3,24-1180 Riverside Parking Structure,5100,DESIGN - Connection Design,QC,5.0
2026-03-12,Nia,Okonkwo,Plant 3,24-1180 Riverside Parking Structure,5100,DESIGN - Member Design,QC,3.0
2026-03-12,Sam,Petrov,Plant 2,25-1044 Harborview Medical Deck,5110,ADMIN - Meetings,QC,8.0
2026-03-12,Iris,Hollander,Plant 1,OVERHEAD - Training,6010,ADMIN - Meetings,Engineering,7.0
2026-03-12,Iris,Hollander,Plant 1,24-1207 Northgate Transit Center,5100,QC - Shop Review,Engineering,1.0
2026-03-12,Kofi,Mensah,Plant 3,OVERHEAD - General Engineering,6000,DESIGN - Member Design,Drafting,5.0
2026-03-12,Kofi,Mensah,Plant 3,24-1180 Riverside Parking Structure,5100,PM - Coordination,Drafting,1.5
2026-03-12,Kofi,Mensah,Plant 3,24-1180 Riverside Parking Structure,5100,DESIGN - Member Design,Drafting,1.5
2026-03-13,Dana,Whitfield,Plant 1,25-1044 Harborview Medical Deck,5110,DRAFT - Erection Drawings,Engineering,2.5
2026-03-13,Dana,Whitfield,Plant 1,25-1044 Harborview Medical Deck,5110,ADMIN - Meetings,Engineering,5.5
2026-03-13,Marcus,Ohara,Plant 1,24-1180 Riverside Parking Structure,5100,DESIGN - Member Design,Engineering,1.5
2026-03-13,Marcus,Ohara,Plant 1,OVERHEAD - Training,6010,ADMIN - Meetings,Engineering,6.5
2026-03-13,Priya,Raman,Plant 2,25-1044 Harborview Medical Deck,5110,ADMIN - Meetings,Engineering,2.5
2026-03-13,Priya,Raman,Plant 2,24-1180 Riverside Parking Structure,5100,DRAFT - Piece Tickets,Engineering,5.5
2026-03-13,Tomas,Lindqvist,Plant 2,OVERHEAD - Training,6010,ADMIN - Meetings,Drafting,7.5
2026-03-13,Tomas,Lindqvist,Plant 2,24-1207 Northgate Transit Center,5100,DESIGN - Connection Design,Drafting,0.5
2026-03-13,Alice,Boonyasak,Plant 1,25-1002 Belmont Industrial Phase II,5110,DRAFT - Piece Tickets,Drafting,3.5
2026-03-13,Alice,Boonyasak,Plant 1,25-1130 Fairmount Stadium Risers,5120,QC - Shop Review,Drafting,1.5
2026-03-13,Alice,Boonyasak,Plant 1,OVERHEAD - General Engineering,6000,DESIGN - Member Design,Drafting,3.0
2026-03-13,Ruben,Castellanos,Plant 3,25-1130 Fairmount Stadium Risers,5120,DESIGN - Member Design,Engineering,1.0
2026-03-13,Ruben,Castellanos,Plant 3,OVERHEAD - General Engineering,6000,DESIGN - Connection Design,Engineering,7.0
2026-03-13,Nia,Okonkwo,Plant 3,25-1091 Kestrel Logistics Hub,5120,DRAFT - Erection Drawings,QC,4.5
2026-03-13,Nia,Okonkwo,Plant 3,24-1180 Riverside Parking Structure,5100,DRAFT - Piece Tickets,QC,3.5
2026-03-13,Sam,Petrov,Plant 2,24-1207 Northgate Transit Center,5100,DRAFT - Erection Drawings,QC,3.0
2026-03-13,Sam,Petrov,Plant 2,25-1002 Belmont Industrial Phase II,5110,DRAFT - Piece Tickets,QC,3.0
2026-03-13,Sam,Petrov,Plant 2,OVERHEAD - Training,6010,DESIGN - Member Design,QC,2.0
2026-03-13,Iris,Hollander,Plant 1,25-1044 Harborview Medical Deck,5110,QC - Shop Review,Engineering,6.0
2026-03-13,Iris,Hollander,Plant 1,25-1091 Kestrel Logistics Hub,5120,QC - Shop Review,Engineering,2.0
2026-03-13,Kofi,Mensah,Plant 3,OVERHEAD - General Engineering,6000,DRAFT - Piece Tickets,Drafting,0.5
2026-03-13,Kofi,Mensah,Plant 3,OVERHEAD - Training,6010,PM - Coordination,Drafting,5.0
2026-03-13,Kofi,Mensah,Plant 3,25-1002 Belmont Industrial Phase II,5110,DRAFT - Piece Tickets,Drafting,2.5
2026-03-16,Dana,Whitfield,Plant 1,25-1044 Harborview Medical Deck,5110,ADMIN - Meetings,Engineering,8.0
2026-03-16,Marcus,Ohara,Plant 1,25-1002 Belmont Industrial Phase II,5110,QC - Shop Review,Engineering,3.0
2026-03-16,Marcus,Ohara,Plant 1,25-1130 Fairmount Stadium Risers,5120,DESIGN - Member Design,Engineering,5.0
2026-03-16,Priya,Raman,Plant 2,25-1002 Belmont Industrial Phase II,5110,DESIGN - Member Design,Engineering,7.5
2026-03-16,Priya,Raman,Plant 2,25-1130 Fairmount Stadium Risers,5120,PM - Coordination,Engineering,0.5
2026-03-16,Tomas,Lindqvist,Plant 2,OVERHEAD - Training,6010,DESIGN - Member Design,Drafting,1.0
2026-03-16,Tomas,Lindqvist,Plant 2,24-1180 Riverside Parking Structure,5100,DRAFT - Piece Tickets,Drafting,2.5
2026-03-16,Tomas,Lindqvist,Plant 2,24-1207 Northgate Transit Center,5100,QC - Shop Review,Drafting,4.5
2026-03-16,Alice,Boonyasak,Plant 1,25-1002 Belmont Industrial Phase II,5110,DESIGN - Member Design,Drafting,0.5
2026-03-16,Alice,Boonyasak,Plant 1,OVERHEAD - Training,6010,DESIGN - Member Design,Drafting,7.5
2026-03-16,Ruben,Castellanos,Plant 3,24-1207 Northgate Transit Center,5100,DESIGN - Connection Design,Engineering,3.0
2026-03-16,Ruben,Castellanos,Plant 3,25-1130 Fairmount Stadium Risers,5120,PM - Coordination,Engineering,1.0
2026-03-16,Ruben,Castellanos,Plant 3,25-1091 Kestrel Logistics Hub,5120,QC - Shop Review,Engineering,4.0
2026-03-16,Nia,Okonkwo,Plant 3,OVERHEAD - General Engineering,6000,DRAFT - Erection Drawings,QC,8.0
2026-03-16,Iris,Hollander,Plant 1,25-1044 Harborview Medical Deck,5110,ADMIN - Meetings,Engineering,8.0
2026-03-16,Kofi,Mensah,Plant 3,25-1044 Harborview Medical Deck,5110,ADMIN - Meetings,Drafting,5.0
2026-03-16,Kofi,Mensah,Plant 3,OVERHEAD - Training,6010,DRAFT - Erection Drawings,Drafting,2.5
2026-03-16,Kofi,Mensah,Plant 3,OVERHEAD - General Engineering,6000,ADMIN - Meetings,Drafting,0.5
2026-03-17,Marcus,Ohara,Plant 1,24-1207 Northgate Transit Center,5100,DRAFT - Erection Drawings,Engineering,1.5
2026-03-17,Marcus,Ohara,Plant 1,OVERHEAD - Training,6010,QC - Shop Review,Engineering,0.5
2026-03-17,Marcus,Ohara,Plant 1,OVERHEAD - General Engineering,6000,DESIGN - Connection Design,Engineering,6.0
2026-03-17,Priya,Raman,Plant 2,25-1091 Kestrel Logistics Hub,5120,DRAFT - Piece Tickets,Engineering,8.0
2026-03-17,Tomas,Lindqvist,Plant 2,OVERHEAD - Training,6010,ADMIN - Meetings,Drafting,0.5
2026-03-17,Tomas,Lindqvist,Plant 2,25-1130 Fairmount Stadium Risers,5120,DRAFT - Erection Drawings,Drafting,7.5
2026-03-17,Alice,Boonyasak,Plant 1,25-1002 Belmont Industrial Phase II,5110,DRAFT - Piece Tickets,Drafting,8.0
2026-03-17,Ruben,Castellanos,Plant 3,25-1091 Kestrel Logistics Hub,5120,DESIGN - Connection Design,Engineering,2.5
2026-03-17,Ruben,Castellanos,Plant 3,25-1002 Belmont Industrial Phase II,5110,DRAFT - Erection Drawings,Engineering,5.5
2026-03-17,Sam,Petrov,Plant 2,25-1002 Belmont Industrial Phase II,5110,DRAFT - Piece Tickets,QC,7.0
2026-03-17,Sam,Petrov,Plant 2,24-1180 Riverside Parking Structure,5100,ADMIN - Meetings,QC,1.0
2026-03-17,Iris,Hollander,Plant 1,25-1091 Kestrel Logistics Hub,5120,QC - Shop Review,Engineering,1.0
2026-03-17,Iris,Hollander,Plant 1,25-1091 Kestrel Logistics Hub,5120,DESIGN - Member Design,Engineering,2.0
2026-03-17,Iris,Hollander,Plant 1,24-1180 Riverside Parking Structure,5100,PM - Coordination,Engineering,5.0
2026-03-17,Kofi,Mensah,Plant 3,OVERHEAD - General Engineering,6000,ADMIN - Meetings,Drafting,5.0
2026-03-17,Kofi,Mensah,Plant 3,25-1002 Belmont Industrial Phase II,5110,DESIGN - Connection Design,Drafting,3.0
2026-03-18,Dana,Whitfield,Plant 1,24-1180 Riverside Parking Structure,5100,DRAFT - Erection Drawings,Engineering,6.5
2026-03-18,Dana,Whitfield,Plant 1,OVERHEAD - General Engineering,6000,DESIGN - Connection Design,Engineering,0.5
2026-03-18,Dana,Whitfield,Plant 1,24-1207 Northgate Transit Center,5100,PM - Coordination,Engineering,1.0
2026-03-18,Marcus,Ohara,Plant 1,OVERHEAD - Training,6010,PM - Coordination,Engineering,4.5
2026-03-18,Marcus,Ohara,Plant 1,24-1180 Riverside Parking Structure,5100,DRAFT - Piece Tickets,Engineering,3.5
2026-03-18,Priya,Raman,Plant 2,25-1091 Kestrel Logistics Hub,5120,ADMIN - Meetings,Engineering,4.5
2026-03-18,Priya,Raman,Plant 2,25-1091 Kestrel Logistics Hub,5120,DRAFT - Piece Tickets,Engineering,3.0
2026-03-18,Priya,Raman,Plant 2,25-1044 Harborview Medical Deck,5110,QC - Shop Review,Engineering,0.5
2026-03-18,Tomas,Lindqvist,Plant 2,OVERHEAD - General Engineering,6000,DRAFT - Piece Tickets,Drafting,8.0
2026-03-18,Alice,Boonyasak,Plant 1,25-1091 Kestrel Logistics Hub,5120,DRAFT - Erection Drawings,Drafting,2.5
2026-03-18,Alice,Boonyasak,Plant 1,25-1044 Harborview Medical Deck,5110,DESIGN - Member Design,Drafting,5.5
2026-03-18,Ruben,Castellanos,Plant 3,25-1091 Kestrel Logistics Hub,5120,ADMIN - Meetings,Engineering,1.5
2026-03-18,Ruben,Castellanos,Plant 3,OVERHEAD - General Engineering,6000,ADMIN - Meetings,Engineering,6.0
2026-03-18,Ruben,Castellanos,Plant 3,OVERHEAD - General Engineering,6000,DESIGN - Member Design,Engineering,0.5
2026-03-18,Nia,Okonkwo,Plant 3,25-1044 Harborview Medical Deck,5110,ADMIN - Meetings,QC,5.0
2026-03-18,Nia,Okonkwo,Plant 3,24-1180 Riverside Parking Structure,5100,DESIGN - Member Design,QC,3.0
2026-03-18,Sam,Petrov,Plant 2,OVERHEAD - Training,6010,DESIGN - Member Design,QC,2.5
2026-03-18,Sam,Petrov,Plant 2,OVERHEAD - Training,6010,DESIGN - Connection Design,QC,5.5
2026-03-18,Iris,Hollander,Plant 1,OVERHEAD - Training,6010,PM - Coordination,Engineering,1.5
2026-03-18,Iris,Hollander,Plant 1,24-1180 Riverside Parking Structure,5100,PM - Coordination,Engineering,6.5
2026-03-18,Kofi,Mensah,Plant 3,25-1091 Kestrel Logistics Hub,5120,PM - Coordination,Drafting,5.5
2026-03-18,Kofi,Mensah,Plant 3,24-1180 Riverside Parking Structure,5100,DRAFT - Piece Tickets,Drafting,2.0
2026-03-18,Kofi,Mensah,Plant 3,25-1091 Kestrel Logistics Hub,5120,DESIGN - Member Design,Drafting,0.5
2026-03-19,Dana,Whitfield,Plant 1,25-1091 Kestrel Logistics Hub,5120,QC - Shop Review,Engineering,8.0
2026-03-19,Marcus,Ohara,Plant 1,24-1207 Northgate Transit Center,5100,DRAFT - Piece Tickets,Engineering,1.5
2026-03-19,Marcus,Ohara,Plant 1,25-1002 Belmont Industrial Phase II,5110,DRAFT - Erection Drawings,Engineering,1.0
2026-03-19,Marcus,Ohara,Plant 1,25-1002 Belmont Industrial Phase II,5110,QC - Shop Review,Engineering,5.5
2026-03-19,Priya,Raman,Plant 2,25-1091 Kestrel Logistics Hub,5120,DRAFT - Erection Drawings,Engineering,6.5
2026-03-19,Priya,Raman,Plant 2,25-1091 Kestrel Logistics Hub,5120,ADMIN - Meetings,Engineering,0.5
2026-03-19,Priya,Raman,Plant 2,25-1002 Belmont Industrial Phase II,5110,PM - Coordination,Engineering,1.0
2026-03-19,Tomas,Lindqvist,Plant 2,OVERHEAD - General Engineering,6000,DRAFT - Piece Tickets,Drafting,8.0
2026-03-19,Alice,Boonyasak,Plant 1,25-1044 Harborview Medical Deck,5110,DRAFT - Erection Drawings,Drafting,8.0
2026-03-19,Ruben,Castellanos,Plant 3,25-1130 Fairmount Stadium Risers,5120,QC - Shop Review,Engineering,8.0
2026-03-19,Nia,Okonkwo,Plant 3,24-1180 Riverside Parking Structure,5100,DESIGN - Connection Design,QC,5.5
2026-03-19,Nia,Okonkwo,Plant 3,25-1044 Harborview Medical Deck,5110,DESIGN - Connection Design,QC,2.5
2026-03-19,Iris,Hollander,Plant 1,OVERHEAD - Training,6010,DESIGN - Member Design,Engineering,3.5
2026-03-19,Iris,Hollander,Plant 1,25-1091 Kestrel Logistics Hub,5120,DRAFT - Piece Tickets,Engineering,1.0
2026-03-19,Iris,Hollander,Plant 1,25-1091 Kestrel Logistics Hub,5120,QC - Shop Review,Engineering,3.5
2026-03-19,Kofi,Mensah,Plant 3,OVERHEAD - Training,6010,DESIGN - Connection Design,Drafting,8.0
2026-03-20,Dana,Whitfield,Plant 1,25-1002 Belmont Industrial Phase II,5110,QC - Shop Review,Engineering,1.0
2026-03-20,Dana,Whitfield,Plant 1,25-1044 Harborview Medical Deck,5110,DESIGN - Connection Design,Engineering,5.0
2026-03-20,Dana,Whitfield,Plant 1,25-1130 Fairmount Stadium Risers,5120,DRAFT - Piece Tickets,Engineering,2.0
2026-03-20,Marcus,Ohara,Plant 1,25-1044 Harborview Medical Deck,5110,ADMIN - Meetings,Engineering,8.0
2026-03-20,Priya,Raman,Plant 2,25-1091 Kestrel Logistics Hub,5120,DESIGN - Member Design,Engineering,8.0
2026-03-20,Tomas,Lindqvist,Plant 2,25-1091 Kestrel Logistics Hub,5120,DESIGN - Connection Design,Drafting,5.0
2026-03-20,Tomas,Lindqvist,Plant 2,25-1130 Fairmount Stadium Risers,5120,PM - Coordination,Drafting,3.0
2026-03-20,Alice,Boonyasak,Plant 1,25-1091 Kestrel Logistics Hub,5120,ADMIN - Meetings,Drafting,8.0
2026-03-20,Ruben,Castellanos,Plant 3,25-1091 Kestrel Logistics Hub,5120,PM - Coordination,Engineering,1.0
2026-03-20,Ruben,Castellanos,Plant 3,25-1091 Kestrel Logistics Hub,5120,QC - Shop Review,Engineering,2.5
2026-03-20,Ruben,Castellanos,Plant 3,25-1002 Belmont Industrial Phase II,5110,DRAFT - Piece Tickets,Engineering,4.5
2026-03-20,Nia,Okonkwo,Plant 3,OVERHEAD - General Engineering,6000,QC - Shop Review,QC,3.5
2026-03-20,Nia,Okonkwo,Plant 3,25-1002 Belmont Industrial Phase II,5110,QC - Shop Review,QC,0.5
2026-03-20,Nia,Okonkwo,Plant 3,OVERHEAD - General Engineering,6000,DESIGN - Connection Design,QC,4.0
2026-03-20,Iris,Hollander,Plant 1,24-1180 Riverside Parking Structure,5100,DRAFT - Piece Tickets,Engineering,2.5
2026-03-20,Iris,Hollander,Plant 1,OVERHEAD - Training,6010,ADMIN - Meetings,Engineering,5.5
2026-03-20,Kofi,Mensah,Plant 3,24-1207 Northgate Transit Center,5100,DESIGN - Member Design,Drafting,8.0
2026-03-23,Dana,Whitfield,Plant 1,OVERHEAD - General Engineering,6000,QC - Shop Review,Engineering,2.5
2026-03-23,Dana,Whitfield,Plant 1,OVERHEAD - Training,6010,DESIGN - Member Design,Engineering,0.5
2026-03-23,Dana,Whitfield,Plant 1,25-1130 Fairmount Stadium Risers,5120,DESIGN - Member Design,Engineering,5.0
2026-03-23,Marcus,Ohara,Plant 1,25-1044 Harborview Medical Deck,5110,ADMIN - Meetings,Engineering,5.5
2026-03-23,Marcus,Ohara,Plant 1,OVERHEAD - General Engineering,6000,DESIGN - Connection Design,Engineering,0.5
2026-03-23,Marcus,Ohara,Plant 1,24-1180 Riverside Parking Structure,5100,ADMIN - Meetings,Engineering,2.0
2026-03-23,Tomas,Lindqvist,Plant 2,24-1207 Northgate Transit Center,5100,PM - Coordination,Drafting,8.0
2026-03-23,Alice,Boonyasak,Plant 1,OVERHEAD - General Engineering,6000,DESIGN - Connection Design,Drafting,8.0
2026-03-23,Ruben,Castellanos,Plant 3,OVERHEAD - General Engineering,6000,DRAFT - Erection Drawings,Engineering,5.5
2026-03-23,Ruben,Castellanos,Plant 3,25-1044 Harborview Medical Deck,5110,ADMIN - Meetings,Engineering,0.5
2026-03-23,Ruben,Castellanos,Plant 3,24-1180 Riverside Parking Structure,5100,QC - Shop Review,Engineering,2.0
2026-03-23,Nia,Okonkwo,Plant 3,25-1002 Belmont Industrial Phase II,5110,ADMIN - Meetings,QC,2.0
2026-03-23,Nia,Okonkwo,Plant 3,25-1044 Harborview Medical Deck,5110,ADMIN - Meetings,QC,6.0
2026-03-23,Sam,Petrov,Plant 2,25-1002 Belmont Industrial Phase II,5110,DRAFT - Erection Drawings,QC,5.5
2026-03-23,Sam,Petrov,Plant 2,24-1180 Riverside Parking Structure,5100,DRAFT - Erection Drawings,QC,2.0
2026-03-23,Sam,Petrov,Plant 2,24-1180 Riverside Parking Structure,5100,DRAFT - Piece Tickets,QC,0.5
2026-03-23,Iris,Hollander,Plant 1,25-1002 Belmont Industrial Phase II,5110,DESIGN - Member Design,Engineering,8.0
2026-03-23,Kofi,Mensah,Plant 3,25-1002 Belmont Industrial Phase II,5110,QC - Shop Review,Drafting,5.5
2026-03-23,Kofi,Mensah,Plant 3,24-1207 Northgate Transit Center,5100,DESIGN - Member Design,Drafting,1.0
2026-03-23,Kofi,Mensah,Plant 3,25-1091 Kestrel Logistics Hub,5120,DRAFT - Erection Drawings,Drafting,1.5
2026-03-24,Dana,Whitfield,Plant 1,25-1130 Fairmount Stadium Risers,5120,PM - Coordination,Engineering,4.5
2026-03-24,Dana,Whitfield,Plant 1,OVERHEAD - General Engineering,6000,QC - Shop Review,Engineering,2.0
2026-03-24,Dana,Whitfield,Plant 1,25-1130 Fairmount Stadium Risers,5120,DESIGN - Connection Design,Engineering,1.5
2026-03-24,Marcus,Ohara,Plant 1,OVERHEAD - Training,6010,DRAFT - Piece Tickets,Engineering,1.0
2026-03-24,Marcus,Ohara,Plant 1,OVERHEAD - Training,6010,PM - Coordination,Engineering,5.0
2026-03-24,Marcus,Ohara,Plant 1,25-1044 Harborview Medical Deck,5110,DESIGN - Member Design,Engineering,2.0
2026-03-24,Priya,Raman,Plant 2,24-1207 Northgate Transit Center,5100,DESIGN - Member Design,Engineering,8.0
2026-03-24,Tomas,Lindqvist,Plant 2,24-1207 Northgate Transit Center,5100,DESIGN - Connection Design,Drafting,7.5
2026-03-24,Tomas,Lindqvist,Plant 2,24-1180 Riverside Parking Structure,5100,DRAFT - Piece Tickets,Drafting,0.5
2026-03-24,Alice,Boonyasak,Plant 1,25-1002 Belmont Industrial Phase II,5110,DESIGN - Member Design,Drafting,6.5
2026-03-24,Alice,Boonyasak,Plant 1,25-1002 Belmont Industrial Phase II,5110,PM - Coordination,Drafting,1.0
2026-03-24,Alice,Boonyasak,Plant 1,OVERHEAD - General Engineering,6000,QC - Shop Review,Drafting,0.5
2026-03-24,Ruben,Castellanos,Plant 3,25-1091 Kestrel Logistics Hub,5120,ADMIN - Meetings,Engineering,8.0
2026-03-24,Sam,Petrov,Plant 2,OVERHEAD - Training,6010,DRAFT - Erection Drawings,QC,7.0
2026-03-24,Sam,Petrov,Plant 2,25-1130 Fairmount Stadium Risers,5120,PM - Coordination,QC,0.5
2026-03-24,Sam,Petrov,Plant 2,OVERHEAD - Training,6010,DRAFT - Erection Drawings,QC,0.5
2026-03-24,Iris,Hollander,Plant 1,OVERHEAD - General Engineering,6000,DESIGN - Member Design,Engineering,3.5
2026-03-24,Iris,Hollander,Plant 1,25-1002 Belmont Industrial Phase II,5110,DESIGN - Member Design,Engineering,4.5
2026-03-24,Kofi,Mensah,Plant 3,25-1002 Belmont Industrial Phase II,5110,PM - Coordination,Drafting,1.5
2026-03-24,Kofi,Mensah,Plant 3,24-1180 Riverside Parking Structure,5100,DRAFT - Piece Tickets,Drafting,6.5
2026-03-25,Dana,Whitfield,Plant 1,OVERHEAD - Training,6010,DRAFT - Piece Tickets,Engineering,8.0
2026-03-25,Priya,Raman,Plant 2,25-1002 Belmont Industrial Phase II,5110,DRAFT - Piece Tickets,Engineering,1.5
2026-03-25,Priya,Raman,Plant 2,OVERHEAD - General Engineering,6000,PM - Coordination,Engineering,6.5
2026-03-25,Alice,Boonyasak,Plant 1,24-1207 Northgate Transit Center,5100,QC - Shop Review,Drafting,8.0
2026-03-25,Ruben,Castellanos,Plant 3,25-1130 Fairmount Stadium Risers,5120,QC - Shop Review,Engineering,3.5
2026-03-25,Ruben,Castellanos,Plant 3,OVERHEAD - Training,6010,QC - Shop Review,Engineering,4.5
2026-03-25,Nia,Okonkwo,Plant 3,24-1207 Northgate Transit Center,5100,QC - Shop Review,QC,8.0
2026-03-25,Sam,Petrov,Plant 2,25-1130 Fairmount Stadium Risers,5120,PM - Coordination,QC,0.5
2026-03-25,Sam,Petrov,Plant 2,24-1207 Northgate Transit Center,5100,DESIGN - Connection Design,QC,7.5
2026-03-25,Iris,Hollander,Plant 1,OVERHEAD - Training,6010,ADMIN - Meetings,Engineering,8.0
2026-03-25,Kofi,Mensah,Plant 3,24-1180 Riverside Parking Structure,5100,QC - Shop Review,Drafting,5.0
2026-03-25,Kofi,Mensah,Plant 3,24-1207 Northgate Transit Center,5100,QC - Shop Review,Drafting,3.0
2026-03-26,Dana,Whitfield,Plant 1,24-1207 Northgate Transit Center,5100,PM - Coordination,Engineering,1.5
2026-03-26,Dana,Whitfield,Plant 1,25-1130 Fairmount Stadium Risers,5120,ADMIN - Meetings,Engineering,6.5
2026-03-26,Marcus,Ohara,Plant 1,24-1207 Northgate Transit Center,5100,DESIGN - Member Design,Engineering,0.5
2026-03-26,Marcus,Ohara,Plant 1,OVERHEAD - Training,6010,DESIGN - Connection Design,Engineering,7.5
2026-03-26,Priya,Raman,Plant 2,25-1091 Kestrel Logistics Hub,5120,DESIGN - Connection Design,Engineering,0.5
2026-03-26,Priya,Raman,Plant 2,OVERHEAD - Training,6010,DRAFT - Piece Tickets,Engineering,7.5
2026-03-26,Tomas,Lindqvist,Plant 2,25-1044 Harborview Medical Deck,5110,QC - Shop Review,Drafting,8.0
2026-03-26,Alice,Boonyasak,Plant 1,24-1180 Riverside Parking Structure,5100,DRAFT - Piece Tickets,Drafting,2.5
2026-03-26,Alice,Boonyasak,Plant 1,OVERHEAD - Training,6010,ADMIN - Meetings,Drafting,5.5
2026-03-26,Ruben,Castellanos,Plant 3,OVERHEAD - General Engineering,6000,QC - Shop Review,Engineering,3.0
2026-03-26,Ruben,Castellanos,Plant 3,OVERHEAD - General Engineering,6000,DRAFT - Piece Tickets,Engineering,5.0
2026-03-26,Nia,Okonkwo,Plant 3,OVERHEAD - General Engineering,6000,QC - Shop Review,QC,6.5
2026-03-26,Nia,Okonkwo,Plant 3,24-1207 Northgate Transit Center,5100,DESIGN - Connection Design,QC,1.5
2026-03-26,Sam,Petrov,Plant 2,25-1002 Belmont Industrial Phase II,5110,QC - Shop Review,QC,6.5
2026-03-26,Sam,Petrov,Plant 2,25-1130 Fairmount Stadium Risers,5120,ADMIN - Meetings,QC,0.5
2026-03-26,Sam,Petrov,Plant 2,OVERHEAD - General Engineering,6000,ADMIN - Meetings,QC,1.0
2026-03-26,Iris,Hollander,Plant 1,25-1002 Belmont Industrial Phase II,5110,QC - Shop Review,Engineering,8.0
2026-03-26,Kofi,Mensah,Plant 3,24-1207 Northgate Transit Center,5100,QC - Shop Review,Drafting,5.0
2026-03-26,Kofi,Mensah,Plant 3,OVERHEAD - Training,6010,DESIGN - Member Design,Drafting,0.5
2026-03-26,Kofi,Mensah,Plant 3,25-1130 Fairmount Stadium Risers,5120,DESIGN - Member Design,Drafting,2.5
2026-03-27,Marcus,Ohara,Plant 1,25-1002 Belmont Industrial Phase II,5110,DESIGN - Connection Design,Engineering,6.5
2026-03-27,Marcus,Ohara,Plant 1,25-1091 Kestrel Logistics Hub,5120,DRAFT - Piece Tickets,Engineering,0.5
2026-03-27,Marcus,Ohara,Plant 1,24-1207 Northgate Transit Center,5100,DESIGN - Connection Design,Engineering,1.0
2026-03-27,Priya,Raman,Plant 2,25-1044 Harborview Medical Deck,5110,DRAFT - Erection Drawings,Engineering,8.0
2026-03-27,Tomas,Lindqvist,Plant 2,25-1002 Belmont Industrial Phase II,5110,DRAFT - Piece Tickets,Drafting,7.5
2026-03-27,Tomas,Lindqvist,Plant 2,OVERHEAD - Training,6010,DESIGN - Member Design,Drafting,0.5
2026-03-27,Alice,Boonyasak,Plant 1,25-1002 Belmont Industrial Phase II,5110,DESIGN - Connection Design,Drafting,2.5
2026-03-27,Alice,Boonyasak,Plant 1,OVERHEAD - Training,6010,DESIGN - Member Design,Drafting,5.5
2026-03-27,Ruben,Castellanos,Plant 3,OVERHEAD - General Engineering,6000,DESIGN - Connection Design,Engineering,4.5
2026-03-27,Ruben,Castellanos,Plant 3,25-1130 Fairmount Stadium Risers,5120,DESIGN - Connection Design,Engineering,3.5
2026-03-27,Nia,Okonkwo,Plant 3,25-1130 Fairmount Stadium Risers,5120,DRAFT - Erection Drawings,QC,2.5
2026-03-27,Nia,Okonkwo,Plant 3,25-1130 Fairmount Stadium Risers,5120,ADMIN - Meetings,QC,5.5
2026-03-27,Sam,Petrov,Plant 2,24-1180 Riverside Parking Structure,5100,DESIGN - Member Design,QC,8.0
2026-03-27,Iris,Hollander,Plant 1,25-1044 Harborview Medical Deck,5110,DESIGN - Connection Design,Engineering,8.0
2026-03-30,Dana,Whitfield,Plant 1,OVERHEAD - General Engineering,6000,DESIGN - Connection Design,Engineering,1.0
2026-03-30,Dana,Whitfield,Plant 1,OVERHEAD - Training,6010,DRAFT - Erection Drawings,Engineering,5.0
2026-03-30,Dana,Whitfield,Plant 1,OVERHEAD - Training,6010,PM - Coordination,Engineering,2.0
2026-03-30,Marcus,Ohara,Plant 1,25-1044 Harborview Medical Deck,5110,ADMIN - Meetings,Engineering,2.5
2026-03-30,Marcus,Ohara,Plant 1,25-1091 Kestrel Logistics Hub,5120,DESIGN - Member Design,Engineering,5.5
2026-03-30,Priya,Raman,Plant 2,24-1207 Northgate Transit Center,5100,QC - Shop Review,Engineering,8.0
2026-03-30,Tomas,Lindqvist,Plant 2,25-1044 Harborview Medical Deck,5110,ADMIN - Meetings,Drafting,3.0
2026-03-30,Tomas,Lindqvist,Plant 2,25-1044 Harborview Medical Deck,5110,PM - Coordination,Drafting,5.0
2026-03-30,Alice,Boonyasak,Plant 1,OVERHEAD - General Engineering,6000,QC - Shop Review,Drafting,2.0
2026-03-30,Alice,Boonyasak,Plant 1,24-1180 Riverside Parking Structure,5100,QC - Shop Review,Drafting,6.0
2026-03-30,Ruben,Castellanos,Plant 3,25-1002 Belmont Industrial Phase II,5110,DRAFT - Piece Tickets,Engineering,8.0
2026-03-30,Nia,Okonkwo,Plant 3,25-1044 Harborview Medical Deck,5110,DESIGN - Connection Design,QC,0.5
2026-03-30,Nia,Okonkwo,Plant 3,OVERHEAD - Training,6010,QC - Shop Review,QC,4.0
2026-03-30,Nia,Okonkwo,Plant 3,25-1002 Belmont Industrial Phase II,5110,DESIGN - Connection Design,QC,3.5
2026-03-30,Sam,Petrov,Plant 2,24-1180 Riverside Parking Structure,5100,DRAFT - Erection Drawings,QC,6.5
2026-03-30,Sam,Petrov,Plant 2,24-1180 Riverside Parking Structure,5100,ADMIN - Meetings,QC,0.5
2026-03-30,Sam,Petrov,Plant 2,25-1130 Fairmount Stadium Risers,5120,ADMIN - Meetings,QC,1.0
2026-03-30,Iris,Hollander,Plant 1,25-1002 Belmont Industrial Phase II,5110,PM - Coordination,Engineering,1.0
2026-03-30,Iris,Hollander,Plant 1,OVERHEAD - Training,6010,DRAFT - Erection Drawings,Engineering,7.0
2026-03-30,Kofi,Mensah,Plant 3,25-1044 Harborview Medical Deck,5110,DESIGN - Member Design,Drafting,3.0
2026-03-30,Kofi,Mensah,Plant 3,25-1002 Belmont Industrial Phase II,5110,DRAFT - Erection Drawings,Drafting,3.0
2026-03-30,Kofi,Mensah,Plant 3,24-1207 Northgate Transit Center,5100,DRAFT - Erection Drawings,Drafting,2.0
2026-03-31,Dana,Whitfield,Plant 1,24-1207 Northgate Transit Center,5100,PM - Coordination,Engineering,6.5
2026-03-31,Dana,Whitfield,Plant 1,24-1180 Riverside Parking Structure,5100,DRAFT - Piece Tickets,Engineering,1.0
2026-03-31,Dana,Whitfield,Plant 1,OVERHEAD - Training,6010,DRAFT - Erection Drawings,Engineering,0.5
2026-03-31,Marcus,Ohara,Plant 1,25-1044 Harborview Medical Deck,5110,DRAFT - Piece Tickets,Engineering,3.0
2026-03-31,Marcus,Ohara,Plant 1,25-1002 Belmont Industrial Phase II,5110,DRAFT - Erection Drawings,Engineering,2.5
2026-03-31,Marcus,Ohara,Plant 1,OVERHEAD - Training,6010,DRAFT - Piece Tickets,Engineering,2.5
2026-03-31,Priya,Raman,Plant 2,25-1130 Fairmount Stadium Risers,5120,DESIGN - Connection Design,Engineering,8.0
2026-03-31,Tomas,Lindqvist,Plant 2,24-1207 Northgate Transit Center,5100,QC - Shop Review,Drafting,0.5
2026-03-31,Tomas,Lindqvist,Plant 2,24-1180 Riverside Parking Structure,5100,ADMIN - Meetings,Drafting,1.0
2026-03-31,Tomas,Lindqvist,Plant 2,OVERHEAD - Training,6010,DESIGN - Connection Design,Drafting,6.5
2026-03-31,Alice,Boonyasak,Plant 1,24-1180 Riverside Parking Structure,5100,DESIGN - Member Design,Drafting,4.0
2026-03-31,Alice,Boonyasak,Plant 1,25-1044 Harborview Medical Deck,5110,QC - Shop Review,Drafting,3.0
2026-03-31,Alice,Boonyasak,Plant 1,25-1130 Fairmount Stadium Risers,5120,DRAFT - Piece Tickets,Drafting,1.0
2026-03-31,Ruben,Castellanos,Plant 3,25-1130 Fairmount Stadium Risers,5120,DESIGN - Connection Design,Engineering,3.5
2026-03-31,Ruben,Castellanos,Plant 3,24-1180 Riverside Parking Structure,5100,DESIGN - Member Design,Engineering,4.5
2026-03-31,Nia,Okonkwo,Plant 3,25-1091 Kestrel Logistics Hub,5120,DESIGN - Member Design,QC,7.0
2026-03-31,Nia,Okonkwo,Plant 3,25-1002 Belmont Industrial Phase II,5110,DRAFT - Erection Drawings,QC,1.0
2026-03-31,Sam,Petrov,Plant 2,OVERHEAD - Training,6010,DRAFT - Erection Drawings,QC,0.5
2026-03-31,Sam,Petrov,Plant 2,24-1180 Riverside Parking Structure,5100,DRAFT - Piece Tickets,QC,7.5
2026-03-31,Iris,Hollander,Plant 1,25-1091 Kestrel Logistics Hub,5120,DRAFT - Piece Tickets,Engineering,8.0
2026-03-31,Kofi,Mensah,Plant 3,OVERHEAD - General Engineering,6000,DESIGN - Connection Design,Drafting,8.0
2026-04-01,Dana,Whitfield,Plant 1,25-1091 Kestrel Logistics Hub,5120,DESIGN - Member Design,Engineering,8.0
2026-04-01,Marcus,Ohara,Plant 1,25-1002 Belmont Industrial Phase II,5110,ADMIN - Meetings,Engineering,0.5
2026-04-01,Marcus,Ohara,Plant 1,25-1130 Fairmount Stadium Risers,5120,DRAFT - Piece Tickets,Engineering,2.0
2026-04-01,Marcus,Ohara,Plant 1,24-1207 Northgate Transit Center,5100,DESIGN - Connection Design,Engineering,5.5
2026-04-01,Priya,Raman,Plant 2,25-1002 Belmont Industrial Phase II,5110,ADMIN - Meetings,Engineering,3.0
2026-04-01,Priya,Raman,Plant 2,25-1002 Belmont Industrial Phase II,5110,DRAFT - Piece Tickets,Engineering,2.0
2026-04-01,Priya,Raman,Plant 2,24-1207 Northgate Transit Center,5100,DESIGN - Member Design,Engineering,3.0
2026-04-01,Tomas,Lindqvist,Plant 2,25-1002 Belmont Industrial Phase II,5110,PM - Coordination,Drafting,8.0
2026-04-01,Alice,Boonyasak,Plant 1,24-1180 Riverside Parking Structure,5100,QC - Shop Review,Drafting,8.0
2026-04-01,Ruben,Castellanos,Plant 3,24-1207 Northgate Transit Center,5100,DESIGN - Member Design,Engineering,8.0
2026-04-01,Nia,Okonkwo,Plant 3,25-1130 Fairmount Stadium Risers,5120,ADMIN - Meetings,QC,3.5
2026-04-01,Nia,Okonkwo,Plant 3,25-1091 Kestrel Logistics Hub,5120,ADMIN - Meetings,QC,4.5
2026-04-01,Sam,Petrov,Plant 2,25-1002 Belmont Industrial Phase II,5110,QC - Shop Review,QC,8.0
2026-04-01,Kofi,Mensah,Plant 3,25-1002 Belmont Industrial Phase II,5110,DESIGN - Member Design,Drafting,2.0
2026-04-01,Kofi,Mensah,Plant 3,25-1091 Kestrel Logistics Hub,5120,DRAFT - Piece Tickets,Drafting,6.0
2026-04-02,Marcus,Ohara,Plant 1,OVERHEAD - Training,6010,PM - Coordination,Engineering,1.0
2026-04-02,Marcus,Ohara,Plant 1,25-1091 Kestrel Logistics Hub,5120,DESIGN - Member Design,Engineering,4.5
2026-04-02,Marcus,Ohara,Plant 1,25-1091 Kestrel Logistics Hub,5120,DESIGN - Connection Design,Engineering,2.5
2026-04-02,Priya,Raman,Plant 2,25-1091 Kestrel Logistics Hub,5120,DESIGN - Member Design,Engineering,8.0
2026-04-02,Tomas,Lindqvist,Plant 2,25-1130 Fairmount Stadium Risers,5120,DESIGN - Member Design,Drafting,8.0
2026-04-02,Alice,Boonyasak,Plant 1,25-1002 Belmont Industrial Phase II,5110,PM - Coordination,Drafting,0.5
2026-04-02,Alice,Boonyasak,Plant 1,24-1207 Northgate Transit Center,5100,DESIGN - Member Design,Drafting,7.5
2026-04-02,Ruben,Castellanos,Plant 3,25-1091 Kestrel Logistics Hub,5120,DRAFT - Piece Tickets,Engineering,6.0
2026-04-02,Ruben,Castellanos,Plant 3,24-1180 Riverside Parking Structure,5100,DRAFT - Erection Drawings,Engineering,2.0
2026-04-02,Nia,Okonkwo,Plant 3,24-1180 Riverside Parking Structure,5100,PM - Coordination,QC,7.5
2026-04-02,Nia,Okonkwo,Plant 3,25-1002 Belmont Industrial Phase II,5110,DRAFT - Erection Drawings,QC,0.5
2026-04-02,Sam,Petrov,Plant 2,25-1130 Fairmount Stadium Risers,5120,DRAFT - Piece Tickets,QC,1.5
2026-04-02,Sam,Petrov,Plant 2,25-1044 Harborview Medical Deck,5110,ADMIN - Meetings,QC,6.0
2026-04-02,Sam,Petrov,Plant 2,OVERHEAD - Training,6010,DESIGN - Connection Design,QC,0.5
2026-04-02,Iris,Hollander,Plant 1,24-1180 Riverside Parking Structure,5100,PM - Coordination,Engineering,0.5
2026-04-02,Iris,Hollander,Plant 1,OVERHEAD - Training,6010,QC - Shop Review,Engineering,7.5
2026-04-02,Kofi,Mensah,Plant 3,OVERHEAD - General Engineering,6000,PM - Coordination,Drafting,2.0
2026-04-02,Kofi,Mensah,Plant 3,OVERHEAD - General Engineering,6000,DESIGN - Connection Design,Drafting,6.0
2026-04-03,Dana,Whitfield,Plant 1,OVERHEAD - Training,6010,DRAFT - Piece Tickets,Engineering,8.0
2026-04-03,Marcus,Ohara,Plant 1,25-1044 Harborview Medical Deck,5110,DRAFT - Piece Tickets,Engineering,7.5
2026-04-03,Marcus,Ohara,Plant 1,25-1044 Harborview Medical Deck,5110,QC - Shop Review,Engineering,0.5
2026-04-03,Priya,Raman,Plant 2,25-1002 Belmont Industrial Phase II,5110,QC - Shop Review,Engineering,6.0
2026-04-03,Priya,Raman,Plant 2,OVERHEAD - Training,6010,DRAFT - Erection Drawings,Engineering,2.0
2026-04-03,Tomas,Lindqvist,Plant 2,24-1180 Riverside Parking Structure,5100,QC - Shop Review,Drafting,8.0
2026-04-03,Alice,Boonyasak,Plant 1,25-1130 Fairmount Stadium Risers,5120,DESIGN - Member Design,Drafting,4.5
2026-04-03,Alice,Boonyasak,Plant 1,24-1207 Northgate Transit Center,5100,QC - Shop Review,Drafting,1.0
2026-04-03,Alice,Boonyasak,Plant 1,25-1091 Kestrel Logistics Hub,5120,PM - Coordination,Drafting,2.5
2026-04-03,Ruben,Castellanos,Plant 3,24-1207 Northgate Transit Center,5100,DRAFT - Erection Drawings,Engineering,1.0
2026-04-03,Ruben,Castellanos,Plant 3,OVERHEAD - General Engineering,6000,ADMIN - Meetings,Engineering,0.5
2026-04-03,Ruben,Castellanos,Plant 3,25-1002 Belmont Industrial Phase II,5110,DESIGN - Connection Design,Engineering,6.5
2026-04-03,Nia,Okonkwo,Plant 3,25-1044 Harborview Medical Deck,5110,DRAFT - Piece Tickets,QC,6.0
2026-04-03,Nia,Okonkwo,Plant 3,OVERHEAD - General Engineering,6000,ADMIN - Meetings,QC,2.0
2026-04-03,Sam,Petrov,Plant 2,25-1002 Belmont Industrial Phase II,5110,DRAFT - Erection Drawings,QC,8.0
2026-04-03,Iris,Hollander,Plant 1,25-1002 Belmont Industrial Phase II,5110,DRAFT - Piece Tickets,Engineering,0.5
2026-04-03,Iris,Hollander,Plant 1,25-1130 Fairmount Stadium Risers,5120,DRAFT - Erection Drawings,Engineering,6.5
2026-04-03,Iris,Hollander,Plant 1,24-1207 Northgate Transit Center,5100,DESIGN - Member Design,Engineering,1.0
2026-04-03,Kofi,Mensah,Plant 3,25-1002 Belmont Industrial Phase II,5110,DESIGN - Member Design,Drafting,8.0
2026-04-06,Dana,Whitfield,Plant 1,24-1207 Northgate Transit Center,5100,PM - Coordination,Engineering,0.5
2026-04-06,Dana,Whitfield,Plant 1,25-1044 Harborview Medical Deck,5110,DRAFT - Erection Drawings,Engineering,7.5
2026-04-06,Marcus,Ohara,Plant 1,25-1091 Kestrel Logistics Hub,5120,DESIGN - Member Design,Engineering,8.0
2026-04-06,Priya,Raman,Plant 2,24-1207 Northgate Transit Center,5100,DRAFT - Piece Tickets,Engineering,8.0
2026-04-06,Tomas,Lindqvist,Plant 2,25-1002 Belmont Industrial Phase II,5110,PM - Coordination,Drafting,5.5
2026-04-06,Tomas,Lindqvist,Plant 2,25-1044 Harborview Medical Deck,5110,QC - Shop Review,Drafting,1.0
2026-04-06,Tomas,Lindqvist,Plant 2,25-1002 Belmont Industrial Phase II,5110,DRAFT - Piece Tickets,Drafting,1.5
2026-04-06,Alice,Boonyasak,Plant 1,25-1091 Kestrel Logistics Hub,5120,PM - Coordination,Drafting,6.5
2026-04-06,Alice,Boonyasak,Plant 1,OVERHEAD - Training,6010,DRAFT - Piece Tickets,Drafting,1.0
2026-04-06,Alice,Boonyasak,Plant 1,25-1002 Belmont Industrial Phase II,5110,DRAFT - Piece Tickets,Drafting,0.5
2026-04-06,Ruben,Castellanos,Plant 3,24-1180 Riverside Parking Structure,5100,DRAFT - Erection Drawings,Engineering,7.5
2026-04-06,Ruben,Castellanos,Plant 3,OVERHEAD - General Engineering,6000,ADMIN - Meetings,Engineering,0.5
2026-04-06,Nia,Okonkwo,Plant 3,25-1091 Kestrel Logistics Hub,5120,DRAFT - Piece Tickets,QC,3.0
2026-04-06,Nia,Okonkwo,Plant 3,25-1002 Belmont Industrial Phase II,5110,ADMIN - Meetings,QC,1.5
2026-04-06,Nia,Okonkwo,Plant 3,24-1207 Northgate Transit Center,5100,DRAFT - Piece Tickets,QC,3.5
2026-04-06,Sam,Petrov,Plant 2,25-1002 Belmont Industrial Phase II,5110,QC - Shop Review,QC,7.0
2026-04-06,Sam,Petrov,Plant 2,25-1002 Belmont Industrial Phase II,5110,ADMIN - Meetings,QC,1.0
2026-04-06,Iris,Hollander,Plant 1,OVERHEAD - General Engineering,6000,DRAFT - Erection Drawings,Engineering,7.5
2026-04-06,Iris,Hollander,Plant 1,25-1044 Harborview Medical Deck,5110,PM - Coordination,Engineering,0.5
2026-04-06,Kofi,Mensah,Plant 3,24-1180 Riverside Parking Structure,5100,ADMIN - Meetings,Drafting,5.5
2026-04-06,Kofi,Mensah,Plant 3,24-1207 Northgate Transit Center,5100,DRAFT - Piece Tickets,Drafting,2.5
2026-04-07,Dana,Whitfield,Plant 1,24-1207 Northgate Transit Center,5100,DESIGN - Member Design,Engineering,4.5
2026-04-07,Dana,Whitfield,Plant 1,24-1207 Northgate Transit Center,5100,DESIGN - Member Design,Engineering,0.5
2026-04-07,Dana,Whitfield,Plant 1,OVERHEAD - General Engineering,6000,DESIGN - Connection Design,Engineering,3.0
2026-04-07,Marcus,Ohara,Plant 1,OVERHEAD - Training,6010,QC - Shop Review,Engineering,6.0
2026-04-07,Marcus,Ohara,Plant 1,OVERHEAD - Training,6010,DRAFT - Piece Tickets,Engineering,1.5
2026-04-07,Marcus,Ohara,Plant 1,25-1002 Belmont Industrial Phase II,5110,DRAFT - Erection Drawings,Engineering,0.5
2026-04-07,Priya,Raman,Plant 2,25-1002 Belmont Industrial Phase II,5110,QC - Shop Review,Engineering,8.0
2026-04-07,Tomas,Lindqvist,Plant 2,25-1130 Fairmount Stadium Risers,5120,DESIGN - Connection Design,Drafting,3.0
2026-04-07,Tomas,Lindqvist,Plant 2,25-1091 Kestrel Logistics Hub,5120,ADMIN - Meetings,Drafting,5.0
2026-04-07,Alice,Boonyasak,Plant 1,25-1130 Fairmount Stadium Risers,5120,DRAFT - Erection Drawings,Drafting,3.0
2026-04-07,Alice,Boonyasak,Plant 1,24-1180 Riverside Parking Structure,5100,DESIGN - Connection Design,Drafting,0.5
2026-04-07,Alice,Boonyasak,Plant 1,OVERHEAD - Training,6010,DESIGN - Connection Design,Drafting,4.5
2026-04-07,Ruben,Castellanos,Plant 3,25-1044 Harborview Medical Deck,5110,DRAFT - Piece Tickets,Engineering,6.5
2026-04-07,Ruben,Castellanos,Plant 3,25-1130 Fairmount Stadium Risers,5120,DESIGN - Connection Design,Engineering,1.5
2026-04-07,Nia,Okonkwo,Plant 3,24-1207 Northgate Transit Center,5100,QC - Shop Review,QC,4.0
2026-04-07,Nia,Okonkwo,Plant 3,OVERHEAD - Training,6010,DESIGN - Connection Design,QC,4.0
2026-04-07,Sam,Petrov,Plant 2,OVERHEAD - Training,6010,QC - Shop Review,QC,8.0
2026-04-07,Iris,Hollander,Plant 1,25-1091 Kestrel Logistics Hub,5120,QC - Shop Review,Engineering,5.0
2026-04-07,Iris,Hollander,Plant 1,24-1207 Northgate Transit Center,5100,DRAFT - Erection Drawings,Engineering,3.0
2026-04-07,Kofi,Mensah,Plant 3,25-1002 Belmont Industrial Phase II,5110,QC - Shop Review,Drafting,4.0
2026-04-07,Kofi,Mensah,Plant 3,OVERHEAD - General Engineering,6000,DESIGN - Connection Design,Drafting,4.0
2026-04-08,Dana,Whitfield,Plant 1,24-1180 Riverside Parking Structure,5100,PM - Coordination,Engineering,8.0
2026-04-08,Marcus,Ohara,Plant 1,25-1091 Kestrel Logistics Hub,5120,DRAFT - Erection Drawings,Engineering,3.5
2026-04-08,Marcus,Ohara,Plant 1,OVERHEAD - Training,6010,ADMIN - Meetings,Engineering,4.5
2026-04-08,Priya,Raman,Plant 2,25-1002 Belmont Industrial Phase II,5110,DRAFT - Piece Tickets,Engineering,6.5
2026-04-08,Priya,Raman,Plant 2,25-1002 Belmont Industrial Phase II,5110,DESIGN - Connection Design,Engineering,1.5
2026-04-08,Tomas,Lindqvist,Plant 2,25-1044 Harborview Medical Deck,5110,DESIGN - Connection Design,Drafting,6.0
2026-04-08,Tomas,Lindqvist,Plant 2,24-1207 Northgate Transit Center,5100,DRAFT - Erection Drawings,Drafting,1.0
2026-04-08,Tomas,Lindqvist,Plant 2,OVERHEAD - General Engineering,6000,DRAFT - Piece Tickets,Drafting,1.0
2026-04-08,Alice,Boonyasak,Plant 1,25-1130 Fairmount Stadium Risers,5120,DRAFT - Erection Drawings,Drafting,7.5
2026-04-08,Alice,Boonyasak,Plant 1,24-1180 Riverside Parking Structure,5100,DESIGN - Connection Design,Drafting,0.5
2026-04-08,Ruben,Castellanos,Plant 3,24-1207 Northgate Transit Center,5100,DRAFT - Piece Tickets,Engineering,6.5
2026-04-08,Ruben,Castellanos,Plant 3,25-1002 Belmont Industrial Phase II,5110,DRAFT - Erection Drawings,Engineering,1.5
2026-04-08,Nia,Okonkwo,Plant 3,OVERHEAD - General Engineering,6000,ADMIN - Meetings,QC,8.0
2026-04-08,Sam,Petrov,Plant 2,25-1130 Fairmount Stadium Risers,5120,PM - Coordination,QC,8.0
2026-04-08,Iris,Hollander,Plant 1,24-1207 Northgate Transit Center,5100,ADMIN - Meetings,Engineering,8.0
2026-04-09,Dana,Whitfield,Plant 1,24-1207 Northgate Transit Center,5100,QC - Shop Review,Engineering,8.0
2026-04-09,Marcus,Ohara,Plant 1,25-1130 Fairmount Stadium Risers,5120,ADMIN - Meetings,Engineering,0.5
2026-04-09,Marcus,Ohara,Plant 1,25-1130 Fairmount Stadium Risers,5120,QC - Shop Review,Engineering,7.5
2026-04-09,Priya,Raman,Plant 2,24-1180 Riverside Parking Structure,5100,DRAFT - Piece Tickets,Engineering,0.5
2026-04-09,Priya,Raman,Plant 2,24-1207 Northgate Transit Center,5100,ADMIN - Meetings,Engineering,6.0
2026-04-09,Priya,Raman,Plant 2,24-1180 Riverside Parking Structure,5100,DRAFT - Piece Tickets,Engineering,1.5
2026-04-09,Tomas,Lindqvist,Plant 2,24-1180 Riverside Parking Structure,5100,ADMIN - Meetings,Drafting,4.5
2026-04-09,Tomas,Lindqvist,Plant 2,25-1044 Harborview Medical Deck,5110,ADMIN - Meetings,Drafting,3.0
2026-04-09,Tomas,Lindqvist,Plant 2,25-1044 Harborview Medical Deck,5110,DESIGN - Member Design,Drafting,0.5
2026-04-09,Alice,Boonyasak,Plant 1,25-1044 Harborview Medical Deck,5110,DESIGN - Connection Design,Drafting,8.0
2026-04-09,Ruben,Castellanos,Plant 3,24-1180 Riverside Parking Structure,5100,DESIGN - Member Design,Engineering,8.0
2026-04-09,Nia,Okonkwo,Plant 3,OVERHEAD - General Engineering,6000,QC - Shop Review,QC,7.0
2026-04-09,Nia,Okonkwo,Plant 3,24-1180 Riverside Parking Structure,5100,ADMIN - Meetings,QC,1.0
2026-04-09,Sam,Petrov,Plant 2,25-1002 Belmont Industrial Phase II,5110,DESIGN - Connection Design,QC,8.0
2026-04-09,Kofi,Mensah,Plant 3,OVERHEAD - General Engineering,6000,DESIGN - Member Design,Drafting,5.0
2026-04-09,Kofi,Mensah,Plant 3,25-1044 Harborview Medical Deck,5110,ADMIN - Meetings,Drafting,3.0
2026-04-10,Dana,Whitfield,Plant 1,25-1130 Fairmount Stadium Risers,5120,DRAFT - Piece Tickets,Engineering,3.0
2026-04-10,Dana,Whitfield,Plant 1,OVERHEAD - Training,6010,DESIGN - Connection Design,Engineering,0.5
2026-04-10,Dana,Whitfield,Plant 1,OVERHEAD - Training,6010,DESIGN - Connection Design,Engineering,4.5
2026-04-10,Marcus,Ohara,Plant 1,OVERHEAD - Training,6010,QC - Shop Review,Engineering,6.0
2026-04-10,Marcus,Ohara,Plant 1,OVERHEAD - General Engineering,6000,ADMIN - Meetings,Engineering,0.5
2026-04-10,Marcus,Ohara,Plant 1,24-1180 Riverside Parking Structure,5100,ADMIN - Meetings,Engineering,1.5
2026-04-10,Tomas,Lindqvist,Plant 2,OVERHEAD - General Engineering,6000,ADMIN - Meetings,Drafting,7.5
2026-04-10,Tomas,Lindqvist,Plant 2,25-1091 Kestrel Logistics Hub,5120,DESIGN - Connection Design,Drafting,0.5
2026-04-10,Ruben,Castellanos,Plant 3,24-1180 Riverside Parking Structure,5100,DESIGN - Connection Design,Engineering,8.0
2026-04-10,Nia,Okonkwo,Plant 3,OVERHEAD - Training,6010,QC - Shop Review,QC,8.0
2026-04-10,Sam,Petrov,Plant 2,24-1207 Northgate Transit Center,5100,DESIGN - Member Design,QC,7.5
2026-04-10,Sam,Petrov,Plant 2,24-1207 Northgate Transit Center,5100,QC - Shop Review,QC,0.5
2026-04-10,Iris,Hollander,Plant 1,25-1091 Kestrel Logistics Hub,5120,PM - Coordination,Engineering,8.0
2026-04-10,Kofi,Mensah,Plant 3,25-1002 Belmont Industrial Phase II,5110,DESIGN - Connection Design,Drafting,8.0
2026-04-13,Dana,Whitfield,Plant 1,24-1207 Northgate Transit Center,5100,PM - Coordination,Engineering,2.5
2026-04-13,Dana,Whitfield,Plant 1,24-1180 Riverside Parking Structure,5100,PM - Coordination,Engineering,5.0
2026-04-13,Dana,Whitfield,Plant 1,25-1044 Harborview Medical Deck,5110,DESIGN - Member Design,Engineering,0.5
2026-04-13,Marcus,Ohara,Plant 1,OVERHEAD - Training,6010,QC - Shop Review,Engineering,8.0
2026-04-13,Priya,Raman,Plant 2,25-1002 Belmont Industrial Phase II,5110,DESIGN - Member Design,Engineering,8.0
2026-04-13,Tomas,Lindqvist,Plant 2,25-1130 Fairmount Stadium Risers,5120,DESIGN - Connection Design,Drafting,8.0
2026-04-13,Alice,Boonyasak,Plant 1,25-1130 Fairmount Stadium Risers,5120,ADMIN - Meetings,Drafting,2.0
2026-04-13,Alice,Boonyasak,Plant 1,OVERHEAD - Training,6010,PM - Coordination,Drafting,6.0
2026-04-13,Ruben,Castellanos,Plant 3,OVERHEAD - Training,6010,DESIGN - Member Design,Engineering,8.0
2026-04-13,Nia,Okonkwo,Plant 3,24-1207 Northgate Transit Center,5100,DRAFT - Erection Drawings,QC,7.5
2026-04-13,Nia,Okonkwo,Plant 3,25-1002 Belmont Industrial Phase II,5110,DRAFT - Piece Tickets,QC,0.5
2026-04-13,Sam,Petrov,Plant 2,25-1091 Kestrel Logistics Hub,5120,DESIGN - Connection Design,QC,1.5
2026-04-13,Sam,Petrov,Plant 2,25-1002 Belmont Industrial Phase II,5110,DESIGN - Connection Design,QC,2.0
2026-04-13,Sam,Petrov,Plant 2,25-1002 Belmont Industrial Phase II,5110,ADMIN - Meetings,QC,4.5
2026-04-13,Iris,Hollander,Plant 1,24-1207 Northgate Transit Center,5100,PM - Coordination,Engineering,3.0
2026-04-13,Iris,Hollander,Plant 1,25-1130 Fairmount Stadium Risers,5120,DRAFT - Piece Tickets,Engineering,5.0
2026-04-14,Dana,Whitfield,Plant 1,25-1091 Kestrel Logistics Hub,5120,DRAFT - Erection Drawings,Engineering,0.5
2026-04-14,Dana,Whitfield,Plant 1,25-1091 Kestrel Logistics Hub,5120,PM - Coordination,Engineering,7.5
2026-04-14,Marcus,Ohara,Plant 1,24-1207 Northgate Transit Center,5100,DESIGN - Connection Design,Engineering,8.0
2026-04-14,Priya,Raman,Plant 2,OVERHEAD - Training,6010,DRAFT - Piece Tickets,Engineering,8.0
2026-04-14,Tomas,Lindqvist,Plant 2,24-1180 Riverside Parking Structure,5100,PM - Coordination,Drafting,1.0
2026-04-14,Tomas,Lindqvist,Plant 2,24-1180 Riverside Parking Structure,5100,DESIGN - Connection Design,Drafting,5.0
2026-04-14,Tomas,Lindqvist,Plant 2,25-1091 Kestrel Logistics Hub,5120,PM - Coordination,Drafting,2.0
2026-04-14,Alice,Boonyasak,Plant 1,OVERHEAD - Training,6010,DESIGN - Connection Design,Drafting,0.5
2026-04-14,Alice,Boonyasak,Plant 1,25-1002 Belmont Industrial Phase II,5110,DESIGN - Connection Design,Drafting,7.5
2026-04-14,Ruben,Castellanos,Plant 3,25-1130 Fairmount Stadium Risers,5120,DESIGN - Connection Design,Engineering,2.0
2026-04-14,Ruben,Castellanos,Plant 3,24-1180 Riverside Parking Structure,5100,DESIGN - Connection Design,Engineering,5.5
2026-04-14,Ruben,Castellanos,Plant 3,25-1091 Kestrel Logistics Hub,5120,DESIGN - Connection Design,Engineering,0.5
2026-04-14,Nia,Okonkwo,Plant 3,24-1180 Riverside Parking Structure,5100,QC - Shop Review,QC,3.0
2026-04-14,Nia,Okonkwo,Plant 3,OVERHEAD - General Engineering,6000,ADMIN - Meetings,QC,1.5
2026-04-14,Nia,Okonkwo,Plant 3,25-1044 Harborview Medical Deck,5110,DESIGN - Connection Design,QC,3.5
2026-04-14,Sam,Petrov,Plant 2,24-1180 Riverside Parking Structure,5100,DRAFT - Erection Drawings,QC,8.0
2026-04-14,Iris,Hollander,Plant 1,OVERHEAD - General Engineering,6000,DESIGN - Member Design,Engineering,8.0
2026-04-14,Kofi,Mensah,Plant 3,24-1207 Northgate Transit Center,5100,ADMIN - Meetings,Drafting,7.5
2026-04-14,Kofi,Mensah,Plant 3,25-1002 Belmont Industrial Phase II,5110,DESIGN - Connection Design,Drafting,0.5
2026-04-15,Dana,Whitfield,Plant 1,25-1130 Fairmount Stadium Risers,5120,DRAFT - Erection Drawings,Engineering,2.0
2026-04-15,Dana,Whitfield,Plant 1,25-1130 Fairmount Stadium Risers,5120,DRAFT - Piece Tickets,Engineering,5.5
2026-04-15,Dana,Whitfield,Plant 1,25-1002 Belmont Industrial Phase II,5110,ADMIN - Meetings,Engineering,0.5
2026-04-15,Marcus,Ohara,Plant 1,OVERHEAD - Training,6010,DESIGN - Connection Design,Engineering,6.5
2026-04-15,Marcus,Ohara,Plant 1,25-1091 Kestrel Logistics Hub,5120,DRAFT - Erection Drawings,Engineering,0.5
2026-04-15,Marcus,Ohara,Plant 1,25-1044 Harborview Medical Deck,5110,PM - Coordination,Engineering,1.0
2026-04-15,Priya,Raman,Plant 2,OVERHEAD - General Engineering,6000,ADMIN - Meetings,Engineering,6.5
2026-04-15,Priya,Raman,Plant 2,24-1180 Riverside Parking Structure,5100,ADMIN - Meetings,Engineering,0.5
2026-04-15,Priya,Raman,Plant 2,OVERHEAD - General Engineering,6000,QC - Shop Review,Engineering,1.0
2026-04-15,Tomas,Lindqvist,Plant 2,25-1044 Harborview Medical Deck,5110,QC - Shop Review,Drafting,8.0
2026-04-15,Alice,Boonyasak,Plant 1,25-1044 Harborview Medical Deck,5110,QC - Shop Review,Drafting,3.0
2026-04-15,Alice,Boonyasak,Plant 1,OVERHEAD - Training,6010,QC - Shop Review,Drafting,3.5
2026-04-15,Alice,Boonyasak,Plant 1,OVERHEAD - Training,6010,QC - Shop Review,Drafting,1.5
2026-04-15,Ruben,Castellanos,Plant 3,OVERHEAD - Training,6010,DESIGN - Member Design,Engineering,8.0
2026-04-15,Nia,Okonkwo,Plant 3,24-1207 Northgate Transit Center,5100,DRAFT - Piece Tickets,QC,3.5
2026-04-15,Nia,Okonkwo,Plant 3,25-1130 Fairmount Stadium Risers,5120,DESIGN - Member Design,QC,4.0
2026-04-15,Nia,Okonkwo,Plant 3,25-1091 Kestrel Logistics Hub,5120,DRAFT - Erection Drawings,QC,0.5
2026-04-15,Sam,Petrov,Plant 2,25-1044 Harborview Medical Deck,5110,QC - Shop Review,QC,1.0
2026-04-15,Sam,Petrov,Plant 2,24-1180 Riverside Parking Structure,5100,ADMIN - Meetings,QC,3.5
2026-04-15,Sam,Petrov,Plant 2,OVERHEAD - General Engineering,6000,QC - Shop Review,QC,3.5
2026-04-15,Iris,Hollander,Plant 1,25-1002 Belmont Industrial Phase II,5110,DESIGN - Member Design,Engineering,8.0
2026-04-15,Kofi,Mensah,Plant 3,OVERHEAD - General Engineering,6000,QC - Shop Review,Drafting,8.0
2026-04-16,Dana,Whitfield,Plant 1,24-1207 Northgate Transit Center,5100,DESIGN - Member Design,Engineering,5.0
2026-04-16,Dana,Whitfield,Plant 1,25-1044 Harborview Medical Deck,5110,QC - Shop Review,Engineering,2.0
2026-04-16,Dana,Whitfield,Plant 1,25-1002 Belmont Industrial Phase II,5110,PM - Coordination,Engineering,1.0
2026-04-16,Marcus,Ohara,Plant 1,OVERHEAD - Training,6010,DRAFT - Erection Drawings,Engineering,1.0
2026-04-16,Marcus,Ohara,Plant 1,OVERHEAD - General Engineering,6000,QC - Shop Review,Engineering,7.0
2026-04-16,Priya,Raman,Plant 2,OVERHEAD - General Engineering,6000,DRAFT - Piece Tickets,Engineering,8.0
2026-04-16,Tomas,Lindqvist,Plant 2,25-1091 Kestrel Logistics Hub,5120,ADMIN - Meetings,Drafting,4.0
2026-04-16,Tomas,Lindqvist,Plant 2,25-1091 Kestrel Logistics Hub,5120,DESIGN - Member Design,Drafting,4.0
2026-04-16,Alice,Boonyasak,Plant 1,24-1180 Riverside Parking Structure,5100,ADMIN - Meetings,Drafting,2.5
2026-04-16,Alice,Boonyasak,Plant 1,24-1207 Northgate Transit Center,5100,ADMIN - Meetings,Drafting,5.5
2026-04-16,Ruben,Castellanos,Plant 3,24-1207 Northgate Transit Center,5100,QC - Shop Review,Engineering,8.0
2026-04-16,Nia,Okonkwo,Plant 3,25-1002 Belmont Industrial Phase II,5110,QC - Shop Review,QC,6.0
2026-04-16,Nia,Okonkwo,Plant 3,24-1207 Northgate Transit Center,5100,DESIGN - Member Design,QC,2.0
2026-04-16,Sam,Petrov,Plant 2,25-1130 Fairmount Stadium Risers,5120,ADMIN - Meetings,QC,0.5
2026-04-16,Sam,Petrov,Plant 2,OVERHEAD - Training,6010,DESIGN - Connection Design,QC,7.5
2026-04-16,Iris,Hollander,Plant 1,24-1207 Northgate Transit Center,5100,ADMIN - Meetings,Engineering,8.0
2026-04-16,Kofi,Mensah,Plant 3,25-1002 Belmont Industrial Phase II,5110,ADMIN - Meetings,Drafting,8.0
2026-04-17,Dana,Whitfield,Plant 1,24-1207 Northgate Transit Center,5100,DRAFT - Piece Tickets,Engineering,8.0
2026-04-17,Marcus,Ohara,Plant 1,25-1091 Kestrel Logistics Hub,5120,DRAFT - Erection Drawings,Engineering,8.0
2026-04-17,Priya,Raman,Plant 2,OVERHEAD - General Engineering,6000,PM - Coordination,Engineering,2.5
2026-04-17,Priya,Raman,Plant 2,OVERHEAD - Training,6010,DESIGN - Member Design,Engineering,2.0
2026-04-17,Priya,Raman,Plant 2,24-1207 Northgate Transit Center,5100,DRAFT - Erection Drawings,Engineering,3.5
2026-04-17,Tomas,Lindqvist,Plant 2,24-1180 Riverside Parking Structure,5100,DRAFT - Erection Drawings,Drafting,7.0
2026-04-17,Tomas,Lindqvist,Plant 2,24-1207 Northgate Transit Center,5100,DESIGN - Member Design,Drafting,0.5
2026-04-17,Tomas,Lindqvist,Plant 2,24-1180 Riverside Parking Structure,5100,DRAFT - Erection Drawings,Drafting,0.5
2026-04-17,Alice,Boonyasak,Plant 1,25-1130 Fairmount Stadium Risers,5120,DRAFT - Erection Drawings,Drafting,8.0
2026-04-17,Ruben,Castellanos,Plant 3,OVERHEAD - Training,6010,DRAFT - Erection Drawings,Engineering,8.0
2026-04-17,Nia,Okonkwo,Plant 3,24-1180 Riverside Parking Structure,5100,QC - Shop Review,QC,8.0
2026-04-17,Sam,Petrov,Plant 2,24-1180 Riverside Parking Structure,5100,DRAFT - Piece Tickets,QC,3.0
2026-04-17,Sam,Petrov,Plant 2,25-1002 Belmont Industrial Phase II,5110,DESIGN - Connection Design,QC,2.0
2026-04-17,Sam,Petrov,Plant 2,25-1130 Fairmount Stadium Risers,5120,DRAFT - Piece Tickets,QC,3.0
2026-04-17,Iris,Hollander,Plant 1,OVERHEAD - General Engineering,6000,PM - Coordination,Engineering,3.0
2026-04-17,Iris,Hollander,Plant 1,24-1207 Northgate Transit Center,5100,QC - Shop Review,Engineering,0.5
2026-04-17,Iris,Hollander,Plant 1,25-1091 Kestrel Logistics Hub,5120,DRAFT - Piece Tickets,Engineering,4.5
2026-04-17,Kofi,Mensah,Plant 3,25-1091 Kestrel Logistics Hub,5120,DRAFT - Erection Drawings,Drafting,4.5
2026-04-17,Kofi,Mensah,Plant 3,25-1002 Belmont Industrial Phase II,5110,ADMIN - Meetings,Drafting,3.5
2026-04-20,Dana,Whitfield,Plant 1,OVERHEAD - General Engineering,6000,ADMIN - Meetings,Engineering,5.0
2026-04-20,Dana,Whitfield,Plant 1,OVERHEAD - General Engineering,6000,DRAFT - Piece Tickets,Engineering,3.0
2026-04-20,Marcus,Ohara,Plant 1,25-1002 Belmont Industrial Phase II,5110,ADMIN - Meetings,Engineering,8.0
2026-04-20,Priya,Raman,Plant 2,25-1044 Harborview Medical Deck,5110,DRAFT - Piece Tickets,Engineering,2.0
2026-04-20,Priya,Raman,Plant 2,OVERHEAD - Training,6010,DRAFT - Erection Drawings,Engineering,4.5
2026-04-20,Priya,Raman,Plant 2,OVERHEAD - Training,6010,DESIGN - Member Design,Engineering,1.5
2026-04-20,Tomas,Lindqvist,Plant 2,24-1180 Riverside Parking Structure,5100,ADMIN - Meetings,Drafting,8.0
2026-04-20,Alice,Boonyasak,Plant 1,OVERHEAD - General Engineering,6000,DESIGN - Member Design,Drafting,8.0
2026-04-20,Ruben,Castellanos,Plant 3,25-1130 Fairmount Stadium Risers,5120,DESIGN - Member Design,Engineering,8.0
2026-04-20,Nia,Okonkwo,Plant 3,25-1130 Fairmount Stadium Risers,5120,QC - Shop Review,QC,2.5
2026-04-20,Nia,Okonkwo,Plant 3,25-1130 Fairmount Stadium Risers,5120,DRAFT - Erection Drawings,QC,4.5
2026-04-20,Nia,Okonkwo,Plant 3,25-1002 Belmont Industrial Phase II,5110,ADMIN - Meetings,QC,1.0
2026-04-20,Sam,Petrov,Plant 2,24-1207 Northgate Transit Center,5100,DESIGN - Member Design,QC,8.0
2026-04-20,Iris,Hollander,Plant 1,24-1180 Riverside Parking Structure,5100,DESIGN - Member Design,Engineering,1.5
2026-04-20,Iris,Hollander,Plant 1,24-1180 Riverside Parking Structure,5100,ADMIN - Meetings,Engineering,5.5
2026-04-20,Iris,Hollander,Plant 1,25-1130 Fairmount Stadium Risers,5120,ADMIN - Meetings,Engineering,1.0
2026-04-20,Kofi,Mensah,Plant 3,OVERHEAD - Training,6010,DRAFT - Piece Tickets,Drafting,7.5
2026-04-20,Kofi,Mensah,Plant 3,25-1130 Fairmount Stadium Risers,5120,QC - Shop Review,Drafting,0.5
2026-04-21,Dana,Whitfield,Plant 1,25-1091 Kestrel Logistics Hub,5120,PM - Coordination,Engineering,2.5
2026-04-21,Dana,Whitfield,Plant 1,25-1044 Harborview Medical Deck,5110,DRAFT - Erection Drawings,Engineering,5.5
2026-04-21,Marcus,Ohara,Plant 1,25-1044 Harborview Medical Deck,5110,DRAFT - Piece Tickets,Engineering,3.0
2026-04-21,Marcus,Ohara,Plant 1,OVERHEAD - General Engineering,6000,DRAFT - Erection Drawings,Engineering,5.0
2026-04-21,Priya,Raman,Plant 2,OVERHEAD - Training,6010,DRAFT - Erection Drawings,Engineering,7.0
2026-04-21,Priya,Raman,Plant 2,25-1044 Harborview Medical Deck,5110,DESIGN - Connection Design,Engineering,0.5
2026-04-21,Priya,Raman,Plant 2,24-1207 Northgate Transit Center,5100,QC - Shop Review,Engineering,0.5
2026-04-21,Tomas,Lindqvist,Plant 2,25-1091 Kestrel Logistics Hub,5120,ADMIN - Meetings,Drafting,0.5
2026-04-21,Tomas,Lindqvist,Plant 2,24-1207 Northgate Transit Center,5100,DRAFT - Erection Drawings,Drafting,1.0
2026-04-21,Tomas,Lindqvist,Plant 2,24-1207 Northgate Transit Center,5100,PM - Coordination,Drafting,6.5
2026-04-21,Alice,Boonyasak,Plant 1,24-1180 Riverside Parking Structure,5100,PM - Coordination,Drafting,6.5
2026-04-21,Alice,Boonyasak,Plant 1,25-1130 Fairmount Stadium Risers,5120,QC - Shop Review,Drafting,1.0
2026-04-21,Alice,Boonyasak,Plant 1,25-1002 Belmont Industrial Phase II,5110,PM - Coordination,Drafting,0.5
2026-04-21,Ruben,Castellanos,Plant 3,OVERHEAD - General Engineering,6000,ADMIN - Meetings,Engineering,8.0
2026-04-21,Nia,Okonkwo,Plant 3,24-1207 Northgate Transit Center,5100,PM - Coordination,QC,6.0
2026-04-21,Nia,Okonkwo,Plant 3,24-1180 Riverside Parking Structure,5100,QC - Shop Review,QC,2.0
2026-04-21,Sam,Petrov,Plant 2,25-1091 Kestrel Logistics Hub,5120,ADMIN - Meetings,QC,0.5
2026-04-21,Sam,Petrov,Plant 2,24-1207 Northgate Transit Center,5100,ADMIN - Meetings,QC,7.5
2026-04-21,Iris,Hollander,Plant 1,OVERHEAD - General Engineering,6000,PM - Coordination,Engineering,3.0
2026-04-21,Iris,Hollander,Plant 1,25-1130 Fairmount Stadium Risers,5120,DESIGN - Member Design,Engineering,0.5
2026-04-21,Iris,Hollander,Plant 1,24-1180 Riverside Parking Structure,5100,DESIGN - Connection Design,Engineering,4.5
2026-04-21,Kofi,Mensah,Plant 3,25-1091 Kestrel Logistics Hub,5120,DESIGN - Member Design,Drafting,8.0
2026-04-22,Dana,Whitfield,Plant 1,25-1002 Belmont Industrial Phase II,5110,DRAFT - Piece Tickets,Engineering,6.0
2026-04-22,Dana,Whitfield,Plant 1,OVERHEAD - Training,6010,DRAFT - Erection Drawings,Engineering,2.0
2026-04-22,Marcus,Ohara,Plant 1,OVERHEAD - General Engineering,6000,PM - Coordination,Engineering,8.0
2026-04-22,Priya,Raman,Plant 2,OVERHEAD - General Engineering,6000,QC - Shop Review,Engineering,4.0
2026-04-22,Priya,Raman,Plant 2,24-1207 Northgate Transit Center,5100,DRAFT - Piece Tickets,Engineering,4.0
2026-04-22,Tomas,Lindqvist,Plant 2,OVERHEAD - Training,6010,QC - Shop Review,Drafting,8.0
2026-04-22,Ruben,Castellanos,Plant 3,24-1207 Northgate Transit Center,5100,PM - Coordination,Engineering,8.0
2026-04-22,Nia,Okonkwo,Plant 3,25-1002 Belmont Industrial Phase II,5110,DESIGN - Connection Design,QC,2.5
2026-04-22,Nia,Okonkwo,Plant 3,25-1130 Fairmount Stadium Risers,5120,DESIGN - Member Design,QC,4.5
2026-04-22,Nia,Okonkwo,Plant 3,OVERHEAD - Training,6010,DRAFT - Piece Tickets,QC,1.0
2026-04-22,Sam,Petrov,Plant 2,OVERHEAD - Training,6010,DESIGN - Connection Design,QC,4.5
2026-04-22,Sam,Petrov,Plant 2,25-1002 Belmont Industrial Phase II,5110,DESIGN - Connection Design,QC,0.5
2026-04-22,Sam,Petrov,Plant 2,24-1180 Riverside Parking Structure,5100,DRAFT - Erection Drawings,QC,3.0
2026-04-22,Kofi,Mensah,Plant 3,25-1044 Harborview Medical Deck,5110,DRAFT - Erection Drawings,Drafting,2.5
2026-04-22,Kofi,Mensah,Plant 3,25-1091 Kestrel Logistics Hub,5120,DESIGN - Connection Design,Drafting,5.5
2026-04-23,Dana,Whitfield,Plant 1,25-1002 Belmont Industrial Phase II,5110,ADMIN - Meetings,Engineering,5.5
2026-04-23,Dana,Whitfield,Plant 1,25-1130 Fairmount Stadium Risers,5120,PM - Coordination,Engineering,2.5
2026-04-23,Marcus,Ohara,Plant 1,OVERHEAD - Training,6010,DRAFT - Piece Tickets,Engineering,8.0
2026-04-23,Priya,Raman,Plant 2,25-1044 Harborview Medical Deck,5110,DRAFT - Erection Drawings,Engineering,1.5
2026-04-23,Priya,Raman,Plant 2,25-1002 Belmont Industrial Phase II,5110,DRAFT - Erection Drawings,Engineering,0.5
2026-04-23,Priya,Raman,Plant 2,25-1002 Belmont Industrial Phase II,5110,QC - Shop Review,Engineering,6.0
2026-04-23,Tomas,Lindqvist,Plant 2,25-1091 Kestrel Logistics Hub,5120,DESIGN - Member Design,Drafting,0.5
2026-04-23,Tomas,Lindqvist,Plant 2,25-1002 Belmont Industrial Phase II,5110,ADMIN - Meetings,Drafting,3.0
2026-04-23,Tomas,Lindqvist,Plant 2,25-1044 Harborview Medical Deck,5110,DESIGN - Connection Design,Drafting,4.5
2026-04-23,Alice,Boonyasak,Plant 1,24-1180 Riverside Parking Structure,5100,DESIGN - Member Design,Drafting,8.0
2026-04-23,Nia,Okonkwo,Plant 3,25-1002 Belmont Industrial Phase II,5110,QC - Shop Review,QC,8.0
2026-04-23,Sam,Petrov,Plant 2,24-1180 Riverside Parking Structure,5100,DESIGN - Connection Design,QC,2.5
2026-04-23,Sam,Petrov,Plant 2,25-1044 Harborview Medical Deck,5110,DESIGN - Member Design,QC,5.5
2026-04-23,Iris,Hollander,Plant 1,25-1044 Harborview Medical Deck,5110,ADMIN - Meetings,Engineering,8.0
2026-04-23,Kofi,Mensah,Plant 3,24-1207 Northgate Transit Center,5100,DRAFT - Erection Drawings,Drafting,4.0
2026-04-23,Kofi,Mensah,Plant 3,24-1180 Riverside Parking Structure,5100,QC - Shop Review,Drafting,4.0
2026-04-24,Dana,Whitfield,Plant 1,25-1044 Harborview Medical Deck,5110,QC - Shop Review,Engineering,8.0
2026-04-24,Marcus,Ohara,Plant 1,25-1130 Fairmount Stadium Risers,5120,PM - Coordination,Engineering,2.0
2026-04-24,Marcus,Ohara,Plant 1,OVERHEAD - General Engineering,6000,DESIGN - Connection Design,Engineering,1.5
2026-04-24,Marcus,Ohara,Plant 1,24-1180 Riverside Parking Structure,5100,DESIGN - Connection Design,Engineering,4.5
2026-04-24,Priya,Raman,Plant 2,25-1130 Fairmount Stadium Risers,5120,DRAFT - Erection Drawings,Engineering,8.0
2026-04-24,Tomas,Lindqvist,Plant 2,24-1180 Riverside Parking Structure,5100,DESIGN - Connection Design,Drafting,8.0
2026-04-24,Alice,Boonyasak,Plant 1,25-1002 Belmont Industrial Phase II,5110,PM - Coordination,Drafting,8.0
2026-04-24,Ruben,Castellanos,Plant 3,OVERHEAD - General Engineering,6000,PM - Coordination,Engineering,6.5
2026-04-24,Ruben,Castellanos,Plant 3,25-1130 Fairmount Stadium Risers,5120,DRAFT - Piece Tickets,Engineering,0.5
2026-04-24,Ruben,Castellanos,Plant 3,24-1180 Riverside Parking Structure,5100,DRAFT - Piece Tickets,Engineering,1.0
2026-04-24,Nia,Okonkwo,Plant 3,25-1130 Fairmount Stadium Risers,5120,DRAFT - Piece Tickets,QC,1.0
2026-04-24,Nia,Okonkwo,Plant 3,25-1002 Belmont Industrial Phase II,5110,DRAFT - Piece Tickets,QC,7.0
2026-04-24,Sam,Petrov,Plant 2,24-1180 Riverside Parking Structure,5100,DESIGN - Connection Design,QC,8.0
2026-04-24,Iris,Hollander,Plant 1,25-1044 Harborview Medical Deck,5110,DESIGN - Connection Design,Engineering,8.0
2026-04-24,Kofi,Mensah,Plant 3,25-1130 Fairmount Stadium Risers,5120,DESIGN - Member Design,Drafting,6.5
2026-04-24,Kofi,Mensah,Plant 3,25-1044 Harborview Medical Deck,5110,DRAFT - Erection Drawings,Drafting,1.5
2026-04-27,Dana,Whitfield,Plant 1,25-1002 Belmont Industrial Phase II,5110,ADMIN - Meetings,Engineering,8.0
2026-04-27,Marcus,Ohara,Plant 1,25-1130 Fairmount Stadium Risers,5120,DRAFT - Piece Tickets,Engineering,6.0
2026-04-27,Marcus,Ohara,Plant 1,24-1207 Northgate Transit Center,5100,DESIGN - Connection Design,Engineering,1.0
2026-04-27,Marcus,Ohara,Plant 1,24-1207 Northgate Transit Center,5100,DESIGN - Member Design,Engineering,1.0
2026-04-27,Priya,Raman,Plant 2,25-1130 Fairmount Stadium Risers,5120,PM - Coordination,Engineering,4.5
2026-04-27,Priya,Raman,Plant 2,24-1207 Northgate Transit Center,5100,DRAFT - Piece Tickets,Engineering,1.0
2026-04-27,Priya,Raman,Plant 2,24-1180 Riverside Parking Structure,5100,DESIGN - Connection Design,Engineering,2.5
2026-04-27,Tomas,Lindqvist,Plant 2,24-1180 Riverside Parking Structure,5100,DESIGN - Member Design,Drafting,3.0
2026-04-27,Tomas,Lindqvist,Plant 2,24-1207 Northgate Transit Center,5100,ADMIN - Meetings,Drafting,4.5
2026-04-27,Tomas,Lindqvist,Plant 2,25-1044 Harborview Medical Deck,5110,DESIGN - Connection Design,Drafting,0.5
2026-04-27,Alice,Boonyasak,Plant 1,OVERHEAD - General Engineering,6000,DRAFT - Piece Tickets,Drafting,7.0
2026-04-27,Alice,Boonyasak,Plant 1,OVERHEAD - General Engineering,6000,QC - Shop Review,Drafting,1.0
2026-04-27,Ruben,Castellanos,Plant 3,24-1180 Riverside Parking Structure,5100,ADMIN - Meetings,Engineering,0.5
2026-04-27,Ruben,Castellanos,Plant 3,25-1091 Kestrel Logistics Hub,5120,ADMIN - Meetings,Engineering,7.5
2026-04-27,Nia,Okonkwo,Plant 3,24-1207 Northgate Transit Center,5100,DRAFT - Piece Tickets,QC,5.0
2026-04-27,Nia,Okonkwo,Plant 3,25-1130 Fairmount Stadium Risers,5120,QC - Shop Review,QC,3.0
2026-04-27,Sam,Petrov,Plant 2,24-1180 Riverside Parking Structure,5100,ADMIN - Meetings,QC,8.0
2026-04-27,Iris,Hollander,Plant 1,24-1180 Riverside Parking Structure,5100,PM - Coordination,Engineering,7.0
2026-04-27,Iris,Hollander,Plant 1,24-1180 Riverside Parking Structure,5100,DRAFT - Erection Drawings,Engineering,0.5
2026-04-27,Iris,Hollander,Plant 1,25-1091 Kestrel Logistics Hub,5120,DRAFT - Erection Drawings,Engineering,0.5
2026-04-27,Kofi,Mensah,Plant 3,OVERHEAD - General Engineering,6000,PM - Coordination,Drafting,5.0
2026-04-27,Kofi,Mensah,Plant 3,24-1207 Northgate Transit Center,5100,ADMIN - Meetings,Drafting,2.5
2026-04-27,Kofi,Mensah,Plant 3,OVERHEAD - General Engineering,6000,QC - Shop Review,Drafting,0.5
2026-04-28,Dana,Whitfield,Plant 1,24-1180 Riverside Parking Structure,5100,QC - Shop Review,Engineering,8.0
2026-04-28,Priya,Raman,Plant 2,25-1044 Harborview Medical Deck,5110,PM - Coordination,Engineering,0.5
2026-04-28,Priya,Raman,Plant 2,25-1002 Belmont Industrial Phase II,5110,ADMIN - Meetings,Engineering,7.5
2026-04-28,Tomas,Lindqvist,Plant 2,25-1091 Kestrel Logistics Hub,5120,DRAFT - Piece Tickets,Drafting,8.0
2026-04-28,Ruben,Castellanos,Plant 3,25-1091 Kestrel Logistics Hub,5120,PM - Coordination,Engineering,2.0
2026-04-28,Ruben,Castellanos,Plant 3,25-1130 Fairmount Stadium Risers,5120,ADMIN - Meetings,Engineering,6.0
2026-04-28,Nia,Okonkwo,Plant 3,25-1130 Fairmount Stadium Risers,5120,DESIGN - Connection Design,QC,6.5
2026-04-28,Nia,Okonkwo,Plant 3,25-1002 Belmont Industrial Phase II,5110,QC - Shop Review,QC,1.5
2026-04-28,Sam,Petrov,Plant 2,25-1044 Harborview Medical Deck,5110,PM - Coordination,QC,8.0
2026-04-28,Kofi,Mensah,Plant 3,24-1180 Riverside Parking Structure,5100,DRAFT - Piece Tickets,Drafting,8.0
2026-04-29,Dana,Whitfield,Plant 1,24-1207 Northgate Transit Center,5100,DESIGN - Member Design,Engineering,2.0
2026-04-29,Dana,Whitfield,Plant 1,25-1044 Harborview Medical Deck,5110,QC - Shop Review,Engineering,6.0
2026-04-29,Marcus,Ohara,Plant 1,25-1002 Belmont Industrial Phase II,5110,DRAFT - Piece Tickets,Engineering,8.0
2026-04-29,Tomas,Lindqvist,Plant 2,25-1044 Harborview Medical Deck,5110,DRAFT - Erection Drawings,Drafting,7.5
2026-04-29,Tomas,Lindqvist,Plant 2,25-1091 Kestrel Logistics Hub,5120,PM - Coordination,Drafting,0.5
2026-04-29,Alice,Boonyasak,Plant 1,OVERHEAD - Training,6010,DESIGN - Member Design,Drafting,4.5
2026-04-29,Alice,Boonyasak,Plant 1,OVERHEAD - Training,6010,DESIGN - Member Design,Drafting,3.5
2026-04-29,Ruben,Castellanos,Plant 3,25-1130 Fairmount Stadium Risers,5120,DRAFT - Erection Drawings,Engineering,8.0
2026-04-29,Nia,Okonkwo,Plant 3,25-1044 Harborview Medical Deck,5110,DESIGN - Connection Design,QC,4.5
2026-04-29,Nia,Okonkwo,Plant 3,24-1207 Northgate Transit Center,5100,DESIGN - Connection Design,QC,3.5
2026-04-29,Sam,Petrov,Plant 2,24-1207 Northgate Transit Center,5100,DESIGN - Connection Design,QC,5.5
2026-04-29,Sam,Petrov,Plant 2,25-1130 Fairmount Stadium Risers,5120,DRAFT - Piece Tickets,QC,2.5
2026-04-29,Iris,Hollander,Plant 1,25-1044 Harborview Medical Deck,5110,DESIGN - Connection Design,Engineering,8.0
2026-04-29,Kofi,Mensah,Plant 3,25-1130 Fairmount Stadium Risers,5120,DESIGN - Member Design,Drafting,0.5
2026-04-29,Kofi,Mensah,Plant 3,25-1002 Belmont Industrial Phase II,5110,DESIGN - Connection Design,Drafting,2.5
2026-04-29,Kofi,Mensah,Plant 3,25-1091 Kestrel Logistics Hub,5120,DESIGN - Member Design,Drafting,5.0
2026-04-30,Dana,Whitfield,Plant 1,OVERHEAD - Training,6010,PM - Coordination,Engineering,5.0
2026-04-30,Dana,Whitfield,Plant 1,25-1002 Belmont Industrial Phase II,5110,DESIGN - Connection Design,Engineering,0.5
2026-04-30,Dana,Whitfield,Plant 1,25-1091 Kestrel Logistics Hub,5120,PM - Coordination,Engineering,2.5
2026-04-30,Marcus,Ohara,Plant 1,24-1180 Riverside Parking Structure,5100,DESIGN - Member Design,Engineering,2.5
2026-04-30,Marcus,Ohara,Plant 1,25-1091 Kestrel Logistics Hub,5120,DRAFT - Erection Drawings,Engineering,1.0
2026-04-30,Marcus,Ohara,Plant 1,OVERHEAD - General Engineering,6000,DESIGN - Member Design,Engineering,4.5
2026-04-30,Priya,Raman,Plant 2,24-1180 Riverside Parking Structure,5100,DESIGN - Member Design,Engineering,7.0
2026-04-30,Priya,Raman,Plant 2,OVERHEAD - General Engineering,6000,QC - Shop Review,Engineering,1.0
2026-04-30,Tomas,Lindqvist,Plant 2,24-1180 Riverside Parking Structure,5100,DESIGN - Connection Design,Drafting,4.5
2026-04-30,Tomas,Lindqvist,Plant 2,25-1044 Harborview Medical Deck,5110,DESIGN - Connection Design,Drafting,3.5
2026-04-30,Alice,Boonyasak,Plant 1,25-1002 Belmont Industrial Phase II,5110,QC - Shop Review,Drafting,8.0
2026-04-30,Ruben,Castellanos,Plant 3,OVERHEAD - General Engineering,6000,ADMIN - Meetings,Engineering,3.0
2026-04-30,Ruben,Castellanos,Plant 3,25-1044 Harborview Medical Deck,5110,DESIGN - Connection Design,Engineering,5.0
2026-04-30,Nia,Okonkwo,Plant 3,24-1180 Riverside Parking Structure,5100,DRAFT - Erection Drawings,QC,8.0
2026-04-30,Sam,Petrov,Plant 2,25-1044 Harborview Medical Deck,5110,DRAFT - Erection Drawings,QC,8.0
2026-04-30,Iris,Hollander,Plant 1,24-1207 Northgate Transit Center,5100,DESIGN - Member Design,Engineering,5.5
2026-04-30,Iris,Hollander,Plant 1,25-1002 Belmont Industrial Phase II,5110,DRAFT - Erection Drawings,Engineering,1.5
2026-04-30,Iris,Hollander,Plant 1,25-1130 Fairmount Stadium Risers,5120,DESIGN - Connection Design,Engineering,1.0
2026-04-30,Kofi,Mensah,Plant 3,24-1207 Northgate Transit Center,5100,DESIGN - Connection Design,Drafting,6.5
2026-04-30,Kofi,Mensah,Plant 3,25-1091 Kestrel Logistics Hub,5120,DRAFT - Erection Drawings,Drafting,1.0
2026-04-30,Kofi,Mensah,Plant 3,24-1207 Northgate Transit Center,5100,DESIGN - Connection Design,Drafting,0.5
2026-05-01,Dana,Whitfield,Plant 1,24-1207 Northgate Transit Center,5100,QC - Shop Review,Engineering,2.0
2026-05-01,Dana,Whitfield,Plant 1,OVERHEAD - General Engineering,6000,PM - Coordination,Engineering,4.0
2026-05-01,Dana,Whitfield,Plant 1,25-1002 Belmont Industrial Phase II,5110,DESIGN - Member Design,Engineering,2.0
2026-05-01,Priya,Raman,Plant 2,24-1207 Northgate Transit Center,5100,DRAFT - Erection Drawings,Engineering,2.5
2026-05-01,Priya,Raman,Plant 2,25-1002 Belmont Industrial Phase II,5110,DESIGN - Connection Design,Engineering,5.5
2026-05-01,Tomas,Lindqvist,Plant 2,24-1180 Riverside Parking Structure,5100,DRAFT - Erection Drawings,Drafting,7.0
2026-05-01,Tomas,Lindqvist,Plant 2,25-1002 Belmont Industrial Phase II,5110,DRAFT - Erection Drawings,Drafting,1.0
2026-05-01,Alice,Boonyasak,Plant 1,25-1044 Harborview Medical Deck,5110,DRAFT - Erection Drawings,Drafting,8.0
2026-05-01,Ruben,Castellanos,Plant 3,OVERHEAD - General Engineering,6000,ADMIN - Meetings,Engineering,2.5
2026-05-01,Ruben,Castellanos,Plant 3,25-1044 Harborview Medical Deck,5110,QC - Shop Review,Engineering,5.5
2026-05-01,Nia,Okonkwo,Plant 3,25-1002 Belmont Industrial Phase II,5110,PM - Coordination,QC,5.5
2026-05-01,Nia,Okonkwo,Plant 3,25-1091 Kestrel Logistics Hub,5120,PM - Coordination,QC,2.5
2026-05-01,Sam,Petrov,Plant 2,25-1091 Kestrel Logistics Hub,5120,DESIGN - Member Design,QC,6.0
2026-05-01,Sam,Petrov,Plant 2,25-1130 Fairmount Stadium Risers,5120,ADMIN - Meetings,QC,1.0
2026-05-01,Sam,Petrov,Plant 2,25-1044 Harborview Medical Deck,5110,PM - Coordination,QC,1.0
2026-05-01,Kofi,Mensah,Plant 3,24-1207 Northgate Transit Center,5100,QC - Shop Review,Drafting,8.0
2026-05-04,Dana,Whitfield,Plant 1,25-1091 Kestrel Logistics Hub,5120,DRAFT - Piece Tickets,Engineering,1.0
2026-05-04,Dana,Whitfield,Plant 1,25-1044 Harborview Medical Deck,5110,DRAFT - Erection Drawings,Engineering,7.0
2026-05-04,Marcus,Ohara,Plant 1,OVERHEAD - Training,6010,ADMIN - Meetings,Engineering,1.0
2026-05-04,Marcus,Ohara,Plant 1,25-1091 Kestrel Logistics Hub,5120,DESIGN - Member Design,Engineering,1.0
2026-05-04,Marcus,Ohara,Plant 1,OVERHEAD - Training,6010,QC - Shop Review,Engineering,6.0
2026-05-04,Priya,Raman,Plant 2,24-1180 Riverside Parking Structure,5100,ADMIN - Meetings,Engineering,4.5
2026-05-04,Priya,Raman,Plant 2,25-1091 Kestrel Logistics Hub,5120,DESIGN - Connection Design,Engineering,3.5
2026-05-04,Tomas,Lindqvist,Plant 2,OVERHEAD - General Engineering,6000,ADMIN - Meetings,Drafting,1.5
2026-05-04,Tomas,Lindqvist,Plant 2,25-1130 Fairmount Stadium Risers,5120,QC - Shop Review,Drafting,5.0
2026-05-04,Tomas,Lindqvist,Plant 2,25-1044 Harborview Medical Deck,5110,DRAFT - Piece Tickets,Drafting,1.5
2026-05-04,Alice,Boonyasak,Plant 1,25-1044 Harborview Medical Deck,5110,DRAFT - Erection Drawings,Drafting,8.0
2026-05-04,Ruben,Castellanos,Plant 3,25-1002 Belmont Industrial Phase II,5110,QC - Shop Review,Engineering,2.0
2026-05-04,Ruben,Castellanos,Plant 3,24-1180 Riverside Parking Structure,5100,QC - Shop Review,Engineering,6.0
2026-05-04,Nia,Okonkwo,Plant 3,25-1044 Harborview Medical Deck,5110,PM - Coordination,QC,8.0
2026-05-04,Sam,Petrov,Plant 2,24-1207 Northgate Transit Center,5100,QC - Shop Review,QC,1.5
2026-05-04,Sam,Petrov,Plant 2,25-1002 Belmont Industrial Phase II,5110,DESIGN - Member Design,QC,6.5
2026-05-04,Iris,Hollander,Plant 1,OVERHEAD - Training,6010,ADMIN - Meetings,Engineering,2.5
2026-05-04,Iris,Hollander,Plant 1,25-1044 Harborview Medical Deck,5110,DESIGN - Member Design,Engineering,5.5
2026-05-04,Kofi,Mensah,Plant 3,OVERHEAD - General Engineering,6000,ADMIN - Meetings,Drafting,0.5
2026-05-04,Kofi,Mensah,Plant 3,24-1180 Riverside Parking Structure,5100,DRAFT - Piece Tickets,Drafting,7.5
2026-05-05,Dana,Whitfield,Plant 1,25-1044 Harborview Medical Deck,5110,DESIGN - Member Design,Engineering,5.5
2026-05-05,Dana,Whitfield,Plant 1,25-1091 Kestrel Logistics Hub,5120,PM - Coordination,Engineering,1.0
2026-05-05,Dana,Whitfield,Plant 1,OVERHEAD - General Engineering,6000,DESIGN - Member Design,Engineering,1.5
2026-05-05,Marcus,Ohara,Plant 1,OVERHEAD - General Engineering,6000,DESIGN - Connection Design,Engineering,3.5
2026-05-05,Marcus,Ohara,Plant 1,25-1130 Fairmount Stadium Risers,5120,DRAFT - Erection Drawings,Engineering,4.5
2026-05-05,Priya,Raman,Plant 2,25-1091 Kestrel Logistics Hub,5120,DESIGN - Member Design,Engineering,2.0
2026-05-05,Priya,Raman,Plant 2,25-1091 Kestrel Logistics Hub,5120,QC - Shop Review,Engineering,2.5
2026-05-05,Priya,Raman,Plant 2,OVERHEAD - Training,6010,QC - Shop Review,Engineering,3.5
2026-05-05,Tomas,Lindqvist,Plant 2,24-1180 Riverside Parking Structure,5100,DESIGN - Connection Design,Drafting,1.0
2026-05-05,Tomas,Lindqvist,Plant 2,25-1091 Kestrel Logistics Hub,5120,PM - Coordination,Drafting,7.0
2026-05-05,Alice,Boonyasak,Plant 1,OVERHEAD - Training,6010,ADMIN - Meetings,Drafting,8.0
2026-05-05,Nia,Okonkwo,Plant 3,24-1207 Northgate Transit Center,5100,ADMIN - Meetings,QC,3.0
2026-05-05,Nia,Okonkwo,Plant 3,25-1091 Kestrel Logistics Hub,5120,DESIGN - Connection Design,QC,5.0
2026-05-05,Sam,Petrov,Plant 2,OVERHEAD - General Engineering,6000,DRAFT - Erection Drawings,QC,8.0
2026-05-05,Iris,Hollander,Plant 1,24-1207 Northgate Transit Center,5100,ADMIN - Meetings,Engineering,7.0
2026-05-05,Iris,Hollander,Plant 1,25-1044 Harborview Medical Deck,5110,DESIGN - Connection Design,Engineering,1.0
2026-05-06,Dana,Whitfield,Plant 1,OVERHEAD - Training,6010,ADMIN - Meetings,Engineering,6.0
2026-05-06,Dana,Whitfield,Plant 1,OVERHEAD - General Engineering,6000,DESIGN - Connection Design,Engineering,2.0
2026-05-06,Marcus,Ohara,Plant 1,OVERHEAD - General Engineering,6000,DRAFT - Piece Tickets,Engineering,2.5
2026-05-06,Marcus,Ohara,Plant 1,25-1091 Kestrel Logistics Hub,5120,ADMIN - Meetings,Engineering,4.5
2026-05-06,Marcus,Ohara,Plant 1,25-1002 Belmont Industrial Phase II,5110,DRAFT - Piece Tickets,Engineering,1.0
2026-05-06,Tomas,Lindqvist,Plant 2,25-1130 Fairmount Stadium Risers,5120,PM - Coordination,Drafting,8.0
2026-05-06,Alice,Boonyasak,Plant 1,25-1044 Harborview Medical Deck,5110,ADMIN - Meetings,Drafting,3.0
2026-05-06,Alice,Boonyasak,Plant 1,24-1180 Riverside Parking Structure,5100,DESIGN - Connection Design,Drafting,1.0
2026-05-06,Alice,Boonyasak,Plant 1,25-1044 Harborview Medical Deck,5110,DESIGN - Connection Design,Drafting,4.0
2026-05-06,Ruben,Castellanos,Plant 3,25-1044 Harborview Medical Deck,5110,DESIGN - Member Design,Engineering,0.5
2026-05-06,Ruben,Castellanos,Plant 3,OVERHEAD - Training,6010,ADMIN - Meetings,Engineering,7.5
2026-05-06,Nia,Okonkwo,Plant 3,OVERHEAD - General Engineering,6000,PM - Coordination,QC,4.0
2026-05-06,Nia,Okonkwo,Plant 3,OVERHEAD - Training,6010,DRAFT - Piece Tickets,QC,4.0
2026-05-06,Sam,Petrov,Plant 2,25-1091 Kestrel Logistics Hub,5120,DRAFT - Erection Drawings,QC,8.0
2026-05-06,Iris,Hollander,Plant 1,25-1002 Belmont Industrial Phase II,5110,DRAFT - Piece Tickets,Engineering,3.5
2026-05-06,Iris,Hollander,Plant 1,OVERHEAD - General Engineering,6000,DRAFT - Piece Tickets,Engineering,4.5
2026-05-06,Kofi,Mensah,Plant 3,24-1207 Northgate Transit Center,5100,DRAFT - Piece Tickets,Drafting,8.0
2026-05-07,Dana,Whitfield,Plant 1,24-1180 Riverside Parking Structure,5100,DESIGN - Connection Design,Engineering,2.5
2026-05-07,Dana,Whitfield,Plant 1,25-1130 Fairmount Stadium Risers,5120,DESIGN - Member Design,Engineering,0.5
2026-05-07,Dana,Whitfield,Plant 1,24-1180 Riverside Parking Structure,5100,DESIGN - Member Design,Engineering,5.0
2026-05-07,Marcus,Ohara,Plant 1,25-1091 Kestrel Logistics Hub,5120,DRAFT - Erection Drawings,Engineering,3.0
2026-05-07,Marcus,Ohara,Plant 1,25-1044 Harborview Medical Deck,5110,DRAFT - Erection Drawings,Engineering,4.5
2026-05-07,Marcus,Ohara,Plant 1,24-1207 Northgate Transit Center,5100,PM - Coordination,Engineering,0.5
2026-05-07,Priya,Raman,Plant 2,25-1002 Belmont Industrial Phase II,5110,PM - Coordination,Engineering,3.5
2026-05-07,Priya,Raman,Plant 2,24-1180 Riverside Parking Structure,5100,PM - Coordination,Engineering,2.5
2026-05-07,Priya,Raman,Plant 2,25-1002 Belmont Industrial Phase II,5110,DESIGN - Connection Design,Engineering,2.0
2026-05-07,Tomas,Lindqvist,Plant 2,25-1091 Kestrel Logistics Hub,5120,DESIGN - Connection Design,Drafting,8.0
2026-05-07,Alice,Boonyasak,Plant 1,25-1130 Fairmount Stadium Risers,5120,DESIGN - Member Design,Drafting,0.5
2026-05-07,Alice,Boonyasak,Plant 1,25-1002 Belmont Industrial Phase II,5110,DRAFT - Piece Tickets,Drafting,7.5
2026-05-07,Ruben,Castellanos,Plant 3,24-1207 Northgate Transit Center,5100,PM - Coordination,Engineering,8.0
2026-05-07,Nia,Okonkwo,Plant 3,24-1207 Northgate Transit Center,5100,QC - Shop Review,QC,4.5
2026-05-07,Nia,Okonkwo,Plant 3,24-1207 Northgate Transit Center,5100,DRAFT - Piece Tickets,QC,0.5
2026-05-07,Nia,Okonkwo,Plant 3,24-1207 Northgate Transit Center,5100,DRAFT - Erection Drawings,QC,3.0
2026-05-07,Sam,Petrov,Plant 2,25-1091 Kestrel Logistics Hub,5120,QC - Shop Review,QC,8.0
2026-05-07,Iris,Hollander,Plant 1,24-1180 Riverside Parking Structure,5100,DESIGN - Member Design,Engineering,3.0
2026-05-07,Iris,Hollander,Plant 1,24-1180 Riverside Parking Structure,5100,DESIGN - Member Design,Engineering,5.0
2026-05-07,Kofi,Mensah,Plant 3,OVERHEAD - General Engineering,6000,QC - Shop Review,Drafting,7.0
2026-05-07,Kofi,Mensah,Plant 3,25-1002 Belmont Industrial Phase II,5110,QC - Shop Review,Drafting,0.5
2026-05-07,Kofi,Mensah,Plant 3,OVERHEAD - Training,6010,QC - Shop Review,Drafting,0.5
2026-05-08,Dana,Whitfield,Plant 1,24-1180 Riverside Parking Structure,5100,DRAFT - Piece Tickets,Engineering,2.0
2026-05-08,Dana,Whitfield,Plant 1,24-1180 Riverside Parking Structure,5100,ADMIN - Meetings,Engineering,6.0
2026-05-08,Marcus,Ohara,Plant 1,25-1091 Kestrel Logistics Hub,5120,DESIGN - Connection Design,Engineering,4.0
2026-05-08,Marcus,Ohara,Plant 1,OVERHEAD - Training,6010,PM - Coordination,Engineering,2.5
2026-05-08,Marcus,Ohara,Plant 1,25-1002 Belmont Industrial Phase II,5110,QC - Shop Review,Engineering,1.5
2026-05-08,Priya,Raman,Plant 2,25-1002 Belmont Industrial Phase II,5110,DESIGN - Connection Design,Engineering,6.5
2026-05-08,Priya,Raman,Plant 2,25-1044 Harborview Medical Deck,5110,QC - Shop Review,Engineering,1.5
2026-05-08,Tomas,Lindqvist,Plant 2,OVERHEAD - General Engineering,6000,DESIGN - Member Design,Drafting,0.5
2026-05-08,Tomas,Lindqvist,Plant 2,25-1044 Harborview Medical Deck,5110,DESIGN - Connection Design,Drafting,7.5
2026-05-08,Alice,Boonyasak,Plant 1,OVERHEAD - General Engineering,6000,PM - Coordination,Drafting,8.0
2026-05-08,Ruben,Castellanos,Plant 3,25-1091 Kestrel Logistics Hub,5120,DRAFT - Erection Drawings,Engineering,5.5
2026-05-08,Ruben,Castellanos,Plant 3,OVERHEAD - Training,6010,QC - Shop Review,Engineering,2.5
2026-05-08,Nia,Okonkwo,Plant 3,25-1044 Harborview Medical Deck,5110,DRAFT - Piece Tickets,QC,1.5
2026-05-08,Nia,Okonkwo,Plant 3,25-1002 Belmont Industrial Phase II,5110,PM - Coordination,QC,0.5
2026-05-08,Nia,Okonkwo,Plant 3,OVERHEAD - Training,6010,DRAFT - Erection Drawings,QC,6.0
2026-05-08,Sam,Petrov,Plant 2,OVERHEAD - General Engineering,6000,QC - Shop Review,QC,8.0
2026-05-08,Iris,Hollander,Plant 1,24-1207 Northgate Transit Center,5100,DRAFT - Erection Drawings,Engineering,8.0
2026-05-08,Kofi,Mensah,Plant 3,24-1180 Riverside Parking Structure,5100,ADMIN - Meetings,Drafting,6.0
2026-05-08,Kofi,Mensah,Plant 3,25-1044 Harborview Medical Deck,5110,DRAFT - Piece Tickets,Drafting,2.0
2026-05-11,Dana,Whitfield,Plant 1,25-1091 Kestrel Logistics Hub,5120,DESIGN - Connection Design,Engineering,1.0
2026-05-11,Dana,Whitfield,Plant 1,25-1091 Kestrel Logistics Hub,5120,ADMIN - Meetings,Engineering,7.0
2026-05-11,Marcus,Ohara,Plant 1,24-1207 Northgate Transit Center,5100,DESIGN - Connection Design,Engineering,8.0
2026-05-11,Priya,Raman,Plant 2,OVERHEAD - General Engineering,6000,DRAFT - Erection Drawings,Engineering,1.5
2026-05-11,Priya,Raman,Plant 2,24-1207 Northgate Transit Center,5100,DRAFT - Piece Tickets,Engineering,5.5
2026-05-11,Priya,Raman,Plant 2,25-1002 Belmont Industrial Phase II,5110,DESIGN - Connection Design,Engineering,1.0
2026-05-11,Tomas,Lindqvist,Plant 2,OVERHEAD - General Engineering,6000,DESIGN - Member Design,Drafting,1.5
2026-05-11,Tomas,Lindqvist,Plant 2,25-1130 Fairmount Stadium Risers,5120,DRAFT - Piece Tickets,Drafting,4.5
2026-05-11,Tomas,Lindqvist,Plant 2,OVERHEAD - General Engineering,6000,QC - Shop Review,Drafting,2.0
2026-05-11,Alice,Boonyasak,Plant 1,25-1002 Belmont Industrial Phase II,5110,DRAFT - Erection Drawings,Drafting,7.5
2026-05-11,Alice,Boonyasak,Plant 1,OVERHEAD - General Engineering,6000,DRAFT - Erection Drawings,Drafting,0.5
2026-05-11,Ruben,Castellanos,Plant 3,OVERHEAD - General Engineering,6000,QC - Shop Review,Engineering,8.0
2026-05-11,Nia,Okonkwo,Plant 3,25-1044 Harborview Medical Deck,5110,DESIGN - Member Design,QC,2.0
2026-05-11,Nia,Okonkwo,Plant 3,25-1091 Kestrel Logistics Hub,5120,DRAFT - Piece Tickets,QC,6.0
2026-05-11,Sam,Petrov,Plant 2,OVERHEAD - General Engineering,6000,DESIGN - Member Design,QC,1.0
2026-05-11,Sam,Petrov,Plant 2,OVERHEAD - General Engineering,6000,ADMIN - Meetings,QC,7.0
2026-05-11,Iris,Hollander,Plant 1,OVERHEAD - General Engineering,6000,DESIGN - Member Design,Engineering,7.5
2026-05-11,Iris,Hollander,Plant 1,25-1044 Harborview Medical Deck,5110,DRAFT - Erection Drawings,Engineering,0.5
2026-05-11,Kofi,Mensah,Plant 3,25-1002 Belmont Industrial Phase II,5110,DRAFT - Erection Drawings,Drafting,5.5
2026-05-11,Kofi,Mensah,Plant 3,OVERHEAD - Training,6010,DESIGN - Connection Design,Drafting,2.5
2026-05-12,Marcus,Ohara,Plant 1,OVERHEAD - General Engineering,6000,DRAFT - Erection Drawings,Engineering,4.0
2026-05-12,Marcus,Ohara,Plant 1,OVERHEAD - General Engineering,6000,DRAFT - Erection Drawings,Engineering,4.0
2026-05-12,Priya,Raman,Plant 2,25-1091 Kestrel Logistics Hub,5120,DESIGN - Member Design,Engineering,1.0
2026-05-12,Priya,Raman,Plant 2,OVERHEAD - Training,6010,DRAFT - Erection Drawings,Engineering,7.0
2026-05-12,Tomas,Lindqvist,Plant 2,25-1091 Kestrel Logistics Hub,5120,DRAFT - Piece Tickets,Drafting,8.0
2026-05-12,Alice,Boonyasak,Plant 1,25-1044 Harborview Medical Deck,5110,QC - Shop Review,Drafting,5.5
2026-05-12,Alice,Boonyasak,Plant 1,OVERHEAD - Training,6010,DRAFT - Erection Drawings,Drafting,1.0
2026-05-12,Alice,Boonyasak,Plant 1,25-1091 Kestrel Logistics Hub,5120,DRAFT - Erection Drawings,Drafting,1.5
2026-05-12,Nia,Okonkwo,Plant 3,25-1044 Harborview Medical Deck,5110,PM - Coordination,QC,5.0
2026-05-12,Nia,Okonkwo,Plant 3,25-1091 Kestrel Logistics Hub,5120,DESIGN - Connection Design,QC,3.0
2026-05-12,Sam,Petrov,Plant 2,24-1207 Northgate Transit Center,5100,DESIGN - Connection Design,QC,6.0
2026-05-12,Sam,Petrov,Plant 2,25-1130 Fairmount Stadium Risers,5120,QC - Shop Review,QC,2.0
2026-05-12,Iris,Hollander,Plant 1,OVERHEAD - General Engineering,6000,DRAFT - Piece Tickets,Engineering,8.0
2026-05-12,Kofi,Mensah,Plant 3,25-1091 Kestrel Logistics Hub,5120,DRAFT - Erection Drawings,Drafting,2.5
2026-05-12,Kofi,Mensah,Plant 3,OVERHEAD - General Engineering,6000,QC - Shop Review,Drafting,5.5
2026-05-13,Dana,Whitfield,Plant 1,24-1207 Northgate Transit Center,5100,PM - Coordination,Engineering,8.0
2026-05-13,Marcus,Ohara,Plant 1,25-1091 Kestrel Logistics Hub,5120,DESIGN - Connection Design,Engineering,4.5
2026-05-13,Marcus,Ohara,Plant 1,OVERHEAD - Training,6010,QC - Shop Review,Engineering,3.5
2026-05-13,Priya,Raman,Plant 2,OVERHEAD - Training,6010,QC - Shop Review,Engineering,8.0
2026-05-13,Tomas,Lindqvist,Plant 2,25-1130 Fairmount Stadium Risers,5120,DRAFT - Erection Drawings,Drafting,2.0
2026-05-13,Tomas,Lindqvist,Plant 2,25-1002 Belmont Industrial Phase II,5110,DRAFT - Piece Tickets,Drafting,6.0
2026-05-13,Alice,Boonyasak,Plant 1,25-1044 Harborview Medical Deck,5110,PM - Coordination,Drafting,4.0
2026-05-13,Alice,Boonyasak,Plant 1,OVERHEAD - General Engineering,6000,ADMIN - Meetings,Drafting,4.0
2026-05-13,Ruben,Castellanos,Plant 3,25-1044 Harborview Medical Deck,5110,ADMIN - Meetings,Engineering,4.0
2026-05-13,Ruben,Castellanos,Plant 3,25-1130 Fairmount Stadium Risers,5120,DESIGN - Member Design,Engineering,2.5
2026-05-13,Ruben,Castellanos,Plant 3,OVERHEAD - Training,6010,DRAFT - Piece Tickets,Engineering,1.5
2026-05-13,Sam,Petrov,Plant 2,25-1130 Fairmount Stadium Risers,5120,DESIGN - Member Design,QC,1.5
2026-05-13,Sam,Petrov,Plant 2,OVERHEAD - General Engineering,6000,QC - Shop Review,QC,6.5
2026-05-13,Iris,Hollander,Plant 1,OVERHEAD - Training,6010,ADMIN - Meetings,Engineering,8.0
2026-05-13,Kofi,Mensah,Plant 3,25-1091 Kestrel Logistics Hub,5120,PM - Coordination,Drafting,3.5
2026-05-13,Kofi,Mensah,Plant 3,OVERHEAD - General Engineering,6000,QC - Shop Review,Drafting,4.5
2026-05-14,Dana,Whitfield,Plant 1,25-1091 Kestrel Logistics Hub,5120,DESIGN - Connection Design,Engineering,8.0
2026-05-14,Marcus,Ohara,Plant 1,OVERHEAD - Training,6010,DESIGN - Connection Design,Engineering,5.5
2026-05-14,Marcus,Ohara,Plant 1,25-1044 Harborview Medical Deck,5110,DESIGN - Connection Design,Engineering,1.5
2026-05-14,Marcus,Ohara,Plant 1,24-1180 Riverside Parking Structure,5100,PM - Coordination,Engineering,1.0
2026-05-14,Priya,Raman,Plant 2,24-1180 Riverside Parking Structure,5100,ADMIN - Meetings,Engineering,4.0
2026-05-14,Priya,Raman,Plant 2,OVERHEAD - General Engineering,6000,PM - Coordination,Engineering,4.0
2026-05-14,Tomas,Lindqvist,Plant 2,24-1180 Riverside Parking Structure,5100,DESIGN - Member Design,Drafting,8.0
2026-05-14,Alice,Boonyasak,Plant 1,25-1091 Kestrel Logistics Hub,5120,DRAFT - Piece Tickets,Drafting,8.0
2026-05-14,Ruben,Castellanos,Plant 3,25-1091 Kestrel Logistics Hub,5120,DRAFT - Erection Drawings,Engineering,2.0
2026-05-14,Ruben,Castellanos,Plant 3,25-1044 Harborview Medical Deck,5110,DESIGN - Connection Design,Engineering,6.0
2026-05-14,Nia,Okonkwo,Plant 3,OVERHEAD - Training,6010,DRAFT - Piece Tickets,QC,6.5
2026-05-14,Nia,Okonkwo,Plant 3,25-1002 Belmont Industrial Phase II,5110,DRAFT - Erection Drawings,QC,1.0
2026-05-14,Nia,Okonkwo,Plant 3,OVERHEAD - General Engineering,6000,QC - Shop Review,QC,0.5
2026-05-14,Sam,Petrov,Plant 2,25-1044 Harborview Medical Deck,5110,QC - Shop Review,QC,8.0
2026-05-14,Iris,Hollander,Plant 1,25-1002 Belmont Industrial Phase II,5110,QC - Shop Review,Engineering,2.0
2026-05-14,Iris,Hollander,Plant 1,25-1130 Fairmount Stadium Risers,5120,DESIGN - Connection Design,Engineering,1.0
2026-05-14,Iris,Hollander,Plant 1,25-1091 Kestrel Logistics Hub,5120,ADMIN - Meetings,Engineering,5.0
2026-05-14,Kofi,Mensah,Plant 3,24-1180 Riverside Parking Structure,5100,QC - Shop Review,Drafting,8.0
2026-05-15,Dana,Whitfield,Plant 1,25-1002 Belmont Industrial Phase II,5110,DESIGN - Connection Design,Engineering,8.0
2026-05-15,Marcus,Ohara,Plant 1,25-1044 Harborview Medical Deck,5110,ADMIN - Meetings,Engineering,8.0
2026-05-15,Priya,Raman,Plant 2,25-1130 Fairmount Stadium Risers,5120,QC - Shop Review,Engineering,8.0
2026-05-15,Tomas,Lindqvist,Plant 2,25-1044 Harborview Medical Deck,5110,PM - Coordination,Drafting,8.0
2026-05-15,Alice,Boonyasak,Plant 1,25-1091 Kestrel Logistics Hub,5120,ADMIN - Meetings,Drafting,5.0
2026-05-15,Alice,Boonyasak,Plant 1,OVERHEAD - General Engineering,6000,PM - Coordination,Drafting,0.5
2026-05-15,Alice,Boonyasak,Plant 1,25-1091 Kestrel Logistics Hub,5120,DESIGN - Member Design,Drafting,2.5
2026-05-15,Ruben,Castellanos,Plant 3,OVERHEAD - General Engineering,6000,PM - Coordination,Engineering,8.0
2026-05-15,Nia,Okonkwo,Plant 3,25-1130 Fairmount Stadium Risers,5120,DRAFT - Erection Drawings,QC,8.0
2026-05-15,Sam,Petrov,Plant 2,25-1130 Fairmount Stadium Risers,5120,PM - Coordination,QC,6.5
2026-05-15,Sam,Petrov,Plant 2,24-1180 Riverside Parking Structure,5100,PM - Coordination,QC,0.5
2026-05-15,Sam,Petrov,Plant 2,24-1180 Riverside Parking Structure,5100,DESIGN - Connection Design,QC,1.0
2026-05-15,Iris,Hollander,Plant 1,25-1091 Kestrel Logistics Hub,5120,DRAFT - Piece Tickets,Engineering,6.0
2026-05-15,Iris,Hollander,Plant 1,24-1207 Northgate Transit Center,5100,ADMIN - Meetings,Engineering,2.0
2026-05-15,Kofi,Mensah,Plant 3,OVERHEAD - Training,6010,DRAFT - Piece Tickets,Drafting,2.5
2026-05-15,Kofi,Mensah,Plant 3,24-1207 Northgate Transit Center,5100,QC - Shop Review,Drafting,2.5
2026-05-15,Kofi,Mensah,Plant 3,25-1130 Fairmount Stadium Risers,5120,DRAFT - Erection Drawings,Drafting,3.0
2026-05-18,Dana,Whitfield,Plant 1,OVERHEAD - Training,6010,QC - Shop Review,Engineering,2.0
2026-05-18,Dana,Whitfield,Plant 1,25-1130 Fairmount Stadium Risers,5120,DRAFT - Erection Drawings,Engineering,3.0
2026-05-18,Dana,Whitfield,Plant 1,25-1044 Harborview Medical Deck,5110,DRAFT - Erection Drawings,Engineering,3.0
2026-05-18,Marcus,Ohara,Plant 1,25-1130 Fairmount Stadium Risers,5120,QC - Shop Review,Engineering,4.0
2026-05-18,Marcus,Ohara,Plant 1,OVERHEAD - General Engineering,6000,DESIGN - Member Design,Engineering,0.5
2026-05-18,Marcus,Ohara,Plant 1,OVERHEAD - General Engineering,6000,PM - Coordination,Engineering,3.5
2026-05-18,Priya,Raman,Plant 2,OVERHEAD - General Engineering,6000,DESIGN - Connection Design,Engineering,3.0
2026-05-18,Priya,Raman,Plant 2,OVERHEAD - General Engineering,6000,DRAFT - Erection Drawings,Engineering,5.0
2026-05-18,Tomas,Lindqvist,Plant 2,24-1207 Northgate Transit Center,5100,DESIGN - Connection Design,Drafting,2.5
2026-05-18,Tomas,Lindqvist,Plant 2,OVERHEAD - General Engineering,6000,PM - Coordination,Drafting,5.0
2026-05-18,Tomas,Lindqvist,Plant 2,24-1207 Northgate Transit Center,5100,DESIGN - Connection Design,Drafting,0.5
2026-05-18,Ruben,Castellanos,Plant 3,24-1180 Riverside Parking Structure,5100,QC - Shop Review,Engineering,0.5
2026-05-18,Ruben,Castellanos,Plant 3,25-1044 Harborview Medical Deck,5110,ADMIN - Meetings,Engineering,7.5
2026-05-18,Nia,Okonkwo,Plant 3,OVERHEAD - Training,6010,DESIGN - Member Design,QC,8.0
2026-05-18,Sam,Petrov,Plant 2,25-1044 Harborview Medical Deck,5110,ADMIN - Meetings,QC,8.0
2026-05-18,Kofi,Mensah,Plant 3,25-1002 Belmont Industrial Phase II,5110,ADMIN - Meetings,Drafting,7.0
2026-05-18,Kofi,Mensah,Plant 3,OVERHEAD - Training,6010,DRAFT - Erection Drawings,Drafting,1.0
2026-05-19,Dana,Whitfield,Plant 1,25-1044 Harborview Medical Deck,5110,DESIGN - Connection Design,Engineering,6.5
2026-05-19,Dana,Whitfield,Plant 1,25-1130 Fairmount Stadium Risers,5120,ADMIN - Meetings,Engineering,0.5
2026-05-19,Dana,Whitfield,Plant 1,OVERHEAD - Training,6010,DRAFT - Erection Drawings,Engineering,1.0
2026-05-19,Marcus,Ohara,Plant 1,25-1130 Fairmount Stadium Risers,5120,DRAFT - Erection Drawings,Engineering,0.5
2026-05-19,Marcus,Ohara,Plant 1,25-1091 Kestrel Logistics Hub,5120,PM - Coordination,Engineering,7.5
2026-05-19,Priya,Raman,Plant 2,24-1180 Riverside Parking Structure,5100,DRAFT - Erection Drawings,Engineering,1.5
2026-05-19,Priya,Raman,Plant 2,24-1207 Northgate Transit Center,5100,DRAFT - Erection Drawings,Engineering,2.0
2026-05-19,Priya,Raman,Plant 2,25-1002 Belmont Industrial Phase II,5110,PM - Coordination,Engineering,4.5
2026-05-19,Tomas,Lindqvist,Plant 2,25-1002 Belmont Industrial Phase II,5110,PM - Coordination,Drafting,8.0
2026-05-19,Alice,Boonyasak,Plant 1,25-1091 Kestrel Logistics Hub,5120,DRAFT - Erection Drawings,Drafting,0.5
2026-05-19,Alice,Boonyasak,Plant 1,25-1044 Harborview Medical Deck,5110,DRAFT - Erection Drawings,Drafting,7.5
2026-05-19,Ruben,Castellanos,Plant 3,OVERHEAD - General Engineering,6000,QC - Shop Review,Engineering,8.0
2026-05-19,Nia,Okonkwo,Plant 3,24-1180 Riverside Parking Structure,5100,ADMIN - Meetings,QC,2.0
2026-05-19,Nia,Okonkwo,Plant 3,25-1091 Kestrel Logistics Hub,5120,PM - Coordination,QC,6.0
2026-05-19,Sam,Petrov,Plant 2,25-1091 Kestrel Logistics Hub,5120,ADMIN - Meetings,QC,2.0
2026-05-19,Sam,Petrov,Plant 2,OVERHEAD - Training,6010,DESIGN - Member Design,QC,3.0
2026-05-19,Sam,Petrov,Plant 2,OVERHEAD - Training,6010,PM - Coordination,QC,3.0
2026-05-19,Iris,Hollander,Plant 1,24-1207 Northgate Transit Center,5100,PM - Coordination,Engineering,2.5
2026-05-19,Iris,Hollander,Plant 1,OVERHEAD - General Engineering,6000,ADMIN - Meetings,Engineering,5.5
2026-05-19,Kofi,Mensah,Plant 3,25-1044 Harborview Medical Deck,5110,DESIGN - Member Design,Drafting,6.0
2026-05-19,Kofi,Mensah,Plant 3,24-1207 Northgate Transit Center,5100,DRAFT - Piece Tickets,Drafting,0.5
2026-05-19,Kofi,Mensah,Plant 3,25-1044 Harborview Medical Deck,5110,DESIGN - Member Design,Drafting,1.5
2026-05-20,Dana,Whitfield,Plant 1,OVERHEAD - General Engineering,6000,PM - Coordination,Engineering,5.5
2026-05-20,Dana,Whitfield,Plant 1,OVERHEAD - General Engineering,6000,ADMIN - Meetings,Engineering,1.0
2026-05-20,Dana,Whitfield,Plant 1,24-1207 Northgate Transit Center,5100,ADMIN - Meetings,Engineering,1.5
2026-05-20,Marcus,Ohara,Plant 1,25-1130 Fairmount Stadium Risers,5120,DRAFT - Erection Drawings,Engineering,1.5
2026-05-20,Marcus,Ohara,Plant 1,25-1130 Fairmount Stadium Risers,5120,PM - Coordination,Engineering,6.5
2026-05-20,Priya,Raman,Plant 2,OVERHEAD - Training,6010,DESIGN - Connection Design,Engineering,1.5
2026-05-20,Priya,Raman,Plant 2,24-1207 Northgate Transit Center,5100,DRAFT - Piece Tickets,Engineering,1.5
2026-05-20,Priya,Raman,Plant 2,OVERHEAD - Training,6010,QC - Shop Review,Engineering,5.0
2026-05-20,Tomas,Lindqvist,Plant 2,24-1207 Northgate Transit Center,5100,DESIGN - Member Design,Drafting,4.0
2026-05-20,Tomas,Lindqvist,Plant 2,25-1002 Belmont Industrial Phase II,5110,DESIGN - Member Design,Drafting,4.0
2026-05-20,Ruben,Castellanos,Plant 3,25-1002 Belmont Industrial Phase II,5110,DRAFT - Erection Drawings,Engineering,6.5
2026-05-20,Ruben,Castellanos,Plant 3,25-1130 Fairmount Stadium Risers,5120,DRAFT - Erection Drawings,Engineering,1.0
2026-05-20,Ruben,Castellanos,Plant 3,25-1044 Harborview Medical Deck,5110,DRAFT - Erection Drawings,Engineering,0.5
2026-05-20,Nia,Okonkwo,Plant 3,25-1091 Kestrel Logistics Hub,5120,ADMIN - Meetings,QC,0.5
2026-05-20,Nia,Okonkwo,Plant 3,24-1207 Northgate Transit Center,5100,DRAFT - Piece Tickets,QC,7.5
2026-05-20,Sam,Petrov,Plant 2,OVERHEAD - Training,6010,DESIGN - Member Design,QC,7.5
2026-05-20,Sam,Petrov,Plant 2,OVERHEAD - Training,6010,PM - Coordination,QC,0.5
2026-05-20,Iris,Hollander,Plant 1,25-1044 Harborview Medical Deck,5110,DRAFT - Piece Tickets,Engineering,0.5
2026-05-20,Iris,Hollander,Plant 1,24-1180 Riverside Parking Structure,5100,DESIGN - Member Design,Engineering,1.5
2026-05-20,Iris,Hollander,Plant 1,24-1207 Northgate Transit Center,5100,DRAFT - Piece Tickets,Engineering,6.0
2026-05-21,Dana,Whitfield,Plant 1,25-1044 Harborview Medical Deck,5110,DESIGN - Member Design,Engineering,5.0
2026-05-21,Dana,Whitfield,Plant 1,25-1130 Fairmount Stadium Risers,5120,DESIGN - Member Design,Engineering,2.0
2026-05-21,Dana,Whitfield,Plant 1,25-1002 Belmont Industrial Phase II,5110,QC - Shop Review,Engineering,1.0
2026-05-21,Marcus,Ohara,Plant 1,25-1091 Kestrel Logistics Hub,5120,ADMIN - Meetings,Engineering,1.5
2026-05-21,Marcus,Ohara,Plant 1,25-1044 Harborview Medical Deck,5110,DRAFT - Erection Drawings,Engineering,6.5
2026-05-21,Priya,Raman,Plant 2,25-1002 Belmont Industrial Phase II,5110,ADMIN - Meetings,Engineering,8.0
2026-05-21,Tomas,Lindqvist,Plant 2,24-1180 Riverside Parking Structure,5100,ADMIN - Meetings,Drafting,8.0
2026-05-21,Alice,Boonyasak,Plant 1,25-1044 Harborview Medical Deck,5110,DESIGN - Connection Design,Drafting,3.5
2026-05-21,Alice,Boonyasak,Plant 1,25-1044 Harborview Medical Deck,5110,DRAFT - Erection Drawings,Drafting,4.5
2026-05-21,Nia,Okonkwo,Plant 3,25-1091 Kestrel Logistics Hub,5120,DRAFT - Erection Drawings,QC,8.0
2026-05-21,Sam,Petrov,Plant 2,24-1180 Riverside Parking Structure,5100,PM - Coordination,QC,8.0
2026-05-21,Kofi,Mensah,Plant 3,25-1044 Harborview Medical Deck,5110,DESIGN - Member Design,Drafting,4.5
2026-05-21,Kofi,Mensah,Plant 3,OVERHEAD - General Engineering,6000,ADMIN - Meetings,Drafting,3.0
2026-05-21,Kofi,Mensah,Plant 3,24-1207 Northgate Transit Center,5100,DESIGN - Connection Design,Drafting,0.5
2026-05-22,Dana,Whitfield,Plant 1,24-1180 Riverside Parking Structure,5100,QC - Shop Review,Engineering,2.0
2026-05-22,Dana,Whitfield,Plant 1,OVERHEAD - General Engineering,6000,DESIGN - Connection Design,Engineering,1.0
2026-05-22,Dana,Whitfield,Plant 1,24-1180 Riverside Parking Structure,5100,PM - Coordination,Engineering,5.0
2026-05-22,Marcus,Ohara,Plant 1,25-1044 Harborview Medical Deck,5110,ADMIN - Meetings,Engineering,7.0
2026-05-22,Marcus,Ohara,Plant 1,24-1180 Riverside Parking Structure,5100,DRAFT - Erection Drawings,Engineering,1.0
2026-05-22,Priya,Raman,Plant 2,25-1002 Belmont Industrial Phase II,5110,ADMIN - Meetings,Engineering,0.5
2026-05-22,Priya,Raman,Plant 2,24-1207 Northgate Transit Center,5100,ADMIN - Meetings,Engineering,1.5
2026-05-22,Priya,Raman,Plant 2,OVERHEAD - Training,6010,DESIGN - Member Design,Engineering,6.0
2026-05-22,Tomas,Lindqvist,Plant 2,25-1091 Kestrel Logistics Hub,5120,DESIGN - Connection Design,Drafting,4.5
2026-05-22,Tomas,Lindqvist,Plant 2,25-1130 Fairmount Stadium Risers,5120,DESIGN - Member Design,Drafting,1.5
2026-05-22,Tomas,Lindqvist,Plant 2,25-1091 Kestrel Logistics Hub,5120,DRAFT - Erection Drawings,Drafting,2.0
2026-05-22,Alice,Boonyasak,Plant 1,OVERHEAD - Training,6010,ADMIN - Meetings,Drafting,7.0
2026-05-22,Alice,Boonyasak,Plant 1,25-1091 Kestrel Logistics Hub,5120,DESIGN - Member Design,Drafting,1.0
2026-05-22,Ruben,Castellanos,Plant 3,24-1207 Northgate Transit Center,5100,DRAFT - Piece Tickets,Engineering,4.0
2026-05-22,Ruben,Castellanos,Plant 3,24-1207 Northgate Transit Center,5100,DESIGN - Connection Design,Engineering,4.0
2026-05-22,Nia,Okonkwo,Plant 3,OVERHEAD - Training,6010,ADMIN - Meetings,QC,0.5
2026-05-22,Nia,Okonkwo,Plant 3,25-1091 Kestrel Logistics Hub,5120,DESIGN - Member Design,QC,7.5
2026-05-22,Sam,Petrov,Plant 2,25-1044 Harborview Medical Deck,5110,QC - Shop Review,QC,8.0
2026-05-22,Kofi,Mensah,Plant 3,OVERHEAD - General Engineering,6000,QC - Shop Review,Drafting,6.0
2026-05-22,Kofi,Mensah,Plant 3,25-1091 Kestrel Logistics Hub,5120,PM - Coordination,Drafting,2.0
2026-05-25,Dana,Whitfield,Plant 1,OVERHEAD - General Engineering,6000,DRAFT - Piece Tickets,Engineering,6.0
2026-05-25,Dana,Whitfield,Plant 1,OVERHEAD - Training,6010,DRAFT - Erection Drawings,Engineering,2.0
2026-05-25,Marcus,Ohara,Plant 1,25-1044 Harborview Medical Deck,5110,ADMIN - Meetings,Engineering,6.5
2026-05-25,Marcus,Ohara,Plant 1,24-1180 Riverside Parking Structure,5100,DRAFT - Erection Drawings,Engineering,1.5
2026-05-25,Priya,Raman,Plant 2,24-1207 Northgate Transit Center,5100,ADMIN - Meetings,Engineering,8.0
2026-05-25,Alice,Boonyasak,Plant 1,OVERHEAD - General Engineering,6000,DRAFT - Erection Drawings,Drafting,4.5
2026-05-25,Alice,Boonyasak,Plant 1,24-1207 Northgate Transit Center,5100,DESIGN - Member Design,Drafting,3.5
2026-05-25,Nia,Okonkwo,Plant 3,OVERHEAD - Training,6010,DESIGN - Connection Design,QC,8.0
2026-05-25,Sam,Petrov,Plant 2,25-1044 Harborview Medical Deck,5110,DRAFT - Erection Drawings,QC,5.0
2026-05-25,Sam,Petrov,Plant 2,24-1207 Northgate Transit Center,5100,DESIGN - Member Design,QC,3.0
2026-05-25,Iris,Hollander,Plant 1,25-1002 Belmont Industrial Phase II,5110,DRAFT - Erection Drawings,Engineering,6.0
2026-05-25,Iris,Hollander,Plant 1,OVERHEAD - General Engineering,6000,QC - Shop Review,Engineering,2.0
2026-05-25,Kofi,Mensah,Plant 3,24-1180 Riverside Parking Structure,5100,PM - Coordination,Drafting,5.5
2026-05-25,Kofi,Mensah,Plant 3,25-1044 Harborview Medical Deck,5110,DESIGN - Member Design,Drafting,1.5
2026-05-25,Kofi,Mensah,Plant 3,25-1002 Belmont Industrial Phase II,5110,DRAFT - Piece Tickets,Drafting,1.0
2026-05-26,Dana,Whitfield,Plant 1,25-1002 Belmont Industrial Phase II,5110,ADMIN - Meetings,Engineering,7.5
2026-05-26,Dana,Whitfield,Plant 1,25-1091 Kestrel Logistics Hub,5120,DRAFT - Piece Tickets,Engineering,0.5
2026-05-26,Marcus,Ohara,Plant 1,OVERHEAD - Training,6010,PM - Coordination,Engineering,1.5
2026-05-26,Marcus,Ohara,Plant 1,24-1207 Northgate Transit Center,5100,QC - Shop Review,Engineering,6.5
2026-05-26,Priya,Raman,Plant 2,OVERHEAD - General Engineering,6000,QC - Shop Review,Engineering,8.0
2026-05-26,Tomas,Lindqvist,Plant 2,25-1044 Harborview Medical Deck,5110,DRAFT - Erection Drawings,Drafting,5.0
2026-05-26,Tomas,Lindqvist,Plant 2,24-1180 Riverside Parking Structure,5100,PM - Coordination,Drafting,3.0
2026-05-26,Alice,Boonyasak,Plant 1,OVERHEAD - General Engineering,6000,DESIGN - Connection Design,Drafting,5.0
2026-05-26,Alice,Boonyasak,Plant 1,OVERHEAD - Training,6010,DRAFT - Piece Tickets,Drafting,3.0
2026-05-26,Ruben,Castellanos,Plant 3,25-1044 Harborview Medical Deck,5110,DESIGN - Member Design,Engineering,1.0
2026-05-26,Ruben,Castellanos,Plant 3,25-1002 Belmont Industrial Phase II,5110,DRAFT - Erection Drawings,Engineering,6.0
2026-05-26,Ruben,Castellanos,Plant 3,OVERHEAD - General Engineering,6000,DRAFT - Piece Tickets,Engineering,1.0
2026-05-26,Nia,Okonkwo,Plant 3,OVERHEAD - Training,6010,DESIGN - Connection Design,QC,3.5
2026-05-26,Nia,Okonkwo,Plant 3,25-1091 Kestrel Logistics Hub,5120,ADMIN - Meetings,QC,4.5
2026-05-26,Sam,Petrov,Plant 2,25-1091 Kestrel Logistics Hub,5120,DESIGN - Connection Design,QC,5.0
2026-05-26,Sam,Petrov,Plant 2,25-1002 Belmont Industrial Phase II,5110,ADMIN - Meetings,QC,3.0
2026-05-26,Iris,Hollander,Plant 1,25-1044 Harborview Medical Deck,5110,DRAFT - Piece Tickets,Engineering,4.0
2026-05-26,Iris,Hollander,Plant 1,OVERHEAD - General Engineering,6000,DRAFT - Piece Tickets,Engineering,4.0
2026-05-26,Kofi,Mensah,Plant 3,25-1091 Kestrel Logistics Hub,5120,DRAFT - Piece Tickets,Drafting,8.0
2026-05-27,Dana,Whitfield,Plant 1,25-1002 Belmont Industrial Phase II,5110,DESIGN - Connection Design,Engineering,8.0
2026-05-27,Marcus,Ohara,Plant 1,OVERHEAD - Training,6010,DESIGN - Connection Design,Engineering,8.0
2026-05-27,Priya,Raman,Plant 2,25-1044 Harborview Medical Deck,5110,DRAFT - Erection Drawings,Engineering,3.5
2026-05-27,Priya,Raman,Plant 2,25-1091 Kestrel Logistics Hub,5120,ADMIN - Meetings,Engineering,4.5
2026-05-27,Tomas,Lindqvist,Plant 2,25-1044 Harborview Medical Deck,5110,ADMIN - Meetings,Drafting,8.0
2026-05-27,Alice,Boonyasak,Plant 1,25-1130 Fairmount Stadium Risers,5120,DESIGN - Member Design,Drafting,2.0
2026-05-27,Alice,Boonyasak,Plant 1,25-1044 Harborview Medical Deck,5110,DESIGN - Member Design,Drafting,4.5
2026-05-27,Alice,Boonyasak,Plant 1,25-1002 Belmont Industrial Phase II,5110,PM - Coordination,Drafting,1.5
2026-05-27,Ruben,Castellanos,Plant 3,25-1091 Kestrel Logistics Hub,5120,DRAFT - Piece Tickets,Engineering,8.0
2026-05-27,Nia,Okonkwo,Plant 3,OVERHEAD - Training,6010,DRAFT - Piece Tickets,QC,8.0
2026-05-27,Sam,Petrov,Plant 2,25-1091 Kestrel Logistics Hub,5120,DESIGN - Connection Design,QC,8.0
2026-05-27,Iris,Hollander,Plant 1,24-1180 Riverside Parking Structure,5100,DRAFT - Piece Tickets,Engineering,8.0
2026-05-27,Kofi,Mensah,Plant 3,24-1180 Riverside Parking Structure,5100,ADMIN - Meetings,Drafting,1.5
2026-05-27,Kofi,Mensah,Plant 3,OVERHEAD - General Engineering,6000,QC - Shop Review,Drafting,6.5
2026-05-28,Dana,Whitfield,Plant 1,25-1091 Kestrel Logistics Hub,5120,ADMIN - Meetings,Engineering,8.0
2026-05-28,Marcus,Ohara,Plant 1,25-1091 Kestrel Logistics Hub,5120,PM - Coordination,Engineering,8.0
2026-05-28,Priya,Raman,Plant 2,OVERHEAD - Training,6010,DESIGN - Member Design,Engineering,1.5
2026-05-28,Priya,Raman,Plant 2,24-1207 Northgate Transit Center,5100,PM - Coordination,Engineering,6.5
2026-05-28,Tomas,Lindqvist,Plant 2,25-1130 Fairmount Stadium Risers,5120,DRAFT - Erection Drawings,Drafting,8.0
2026-05-28,Alice,Boonyasak,Plant 1,25-1091 Kestrel Logistics Hub,5120,DRAFT - Erection Drawings,Drafting,2.0
2026-05-28,Alice,Boonyasak,Plant 1,25-1044 Harborview Medical Deck,5110,DESIGN - Member Design,Drafting,2.0
2026-05-28,Alice,Boonyasak,Plant 1,25-1130 Fairmount Stadium Risers,5120,ADMIN - Meetings,Drafting,4.0
2026-05-28,Ruben,Castellanos,Plant 3,25-1091 Kestrel Logistics Hub,5120,PM - Coordination,Engineering,8.0
2026-05-28,Nia,Okonkwo,Plant 3,25-1091 Kestrel Logistics Hub,5120,QC - Shop Review,QC,4.5
2026-05-28,Nia,Okonkwo,Plant 3,OVERHEAD - Training,6010,DRAFT - Piece Tickets,QC,1.0
2026-05-28,Nia,Okonkwo,Plant 3,25-1130 Fairmount Stadium Risers,5120,DRAFT - Erection Drawings,QC,2.5
2026-05-28,Sam,Petrov,Plant 2,OVERHEAD - General Engineering,6000,PM - Coordination,QC,1.0
2026-05-28,Sam,Petrov,Plant 2,24-1207 Northgate Transit Center,5100,DESIGN - Member Design,QC,5.5
2026-05-28,Sam,Petrov,Plant 2,25-1044 Harborview Medical Deck,5110,DRAFT - Piece Tickets,QC,1.5
2026-05-28,Iris,Hollander,Plant 1,25-1044 Harborview Medical Deck,5110,ADMIN - Meetings,Engineering,0.5
2026-05-28,Iris,Hollander,Plant 1,25-1091 Kestrel Logistics Hub,5120,QC - Shop Review,Engineering,7.5
2026-05-28,Kofi,Mensah,Plant 3,OVERHEAD - Training,6010,PM - Coordination,Drafting,8.0
2026-05-29,Dana,Whitfield,Plant 1,24-1180 Riverside Parking Structure,5100,DRAFT - Erection Drawings,Engineering,1.0
2026-05-29,Dana,Whitfield,Plant 1,24-1207 Northgate Transit Center,5100,DRAFT - Piece Tickets,Engineering,7.0
2026-05-29,Marcus,Ohara,Plant 1,24-1207 Northgate Transit Center,5100,QC - Shop Review,Engineering,0.5
2026-05-29,Marcus,Ohara,Plant 1,OVERHEAD - Training,6010,QC - Shop Review,Engineering,7.5
2026-05-29,Priya,Raman,Plant 2,25-1130 Fairmount Stadium Risers,5120,DESIGN - Connection Design,Engineering,5.0
2026-05-29,Priya,Raman,Plant 2,25-1044 Harborview Medical Deck,5110,QC - Shop Review,Engineering,3.0
2026-05-29,Tomas,Lindqvist,Plant 2,24-1180 Riverside Parking Structure,5100,DESIGN - Member Design,Drafting,8.0
2026-05-29,Alice,Boonyasak,Plant 1,25-1044 Harborview Medical Deck,5110,DESIGN - Connection Design,Drafting,0.5
2026-05-29,Alice,Boonyasak,Plant 1,24-1180 Riverside Parking Structure,5100,PM - Coordination,Drafting,6.0
2026-05-29,Alice,Boonyasak,Plant 1,25-1130 Fairmount Stadium Risers,5120,DRAFT - Erection Drawings,Drafting,1.5
2026-05-29,Ruben,Castellanos,Plant 3,24-1207 Northgate Transit Center,5100,ADMIN - Meetings,Engineering,4.5
2026-05-29,Ruben,Castellanos,Plant 3,24-1180 Riverside Parking Structure,5100,DESIGN - Member Design,Engineering,3.5
2026-05-29,Nia,Okonkwo,Plant 3,24-1180 Riverside Parking Structure,5100,DESIGN - Member Design,QC,7.5
2026-05-29,Nia,Okonkwo,Plant 3,OVERHEAD - General Engineering,6000,DRAFT - Erection Drawings,QC,0.5
2026-05-29,Sam,Petrov,Plant 2,25-1091 Kestrel Logistics Hub,5120,DESIGN - Member Design,QC,6.5
2026-05-29,Sam,Petrov,Plant 2,OVERHEAD - General Engineering,6000,DESIGN - Member Design,QC,1.0
2026-05-29,Sam,Petrov,Plant 2,OVERHEAD - General Engineering,6000,DESIGN - Connection Design,QC,0.5
2026-05-29,Iris,Hollander,Plant 1,25-1044 Harborview Medical Deck,5110,DRAFT - Erection Drawings,Engineering,3.5
2026-05-29,Iris,Hollander,Plant 1,25-1130 Fairmount Stadium Risers,5120,ADMIN - Meetings,Engineering,0.5
2026-05-29,Iris,Hollander,Plant 1,25-1130 Fairmount Stadium Risers,5120,ADMIN - Meetings,Engineering,4.0
2026-05-29,Kofi,Mensah,Plant 3,24-1207 Northgate Transit Center,5100,DESIGN - Connection Design,Drafting,5.5
2026-05-29,Kofi,Mensah,Plant 3,25-1044 Harborview Medical Deck,5110,DRAFT - Piece Tickets,Drafting,2.5
2026-06-01,Dana,Whitfield,Plant 1,25-1130 Fairmount Stadium Risers,5120,DRAFT - Erection Drawings,Engineering,8.0
2026-06-01,Marcus,Ohara,Plant 1,24-1207 Northgate Transit Center,5100,DRAFT - Erection Drawings,Engineering,8.0
2026-06-01,Priya,Raman,Plant 2,25-1130 Fairmount Stadium Risers,5120,ADMIN - Meetings,Engineering,8.0
2026-06-01,Alice,Boonyasak,Plant 1,25-1091 Kestrel Logistics Hub,5120,ADMIN - Meetings,Drafting,4.0
2026-06-01,Alice,Boonyasak,Plant 1,25-1130 Fairmount Stadium Risers,5120,DRAFT - Piece Tickets,Drafting,1.0
2026-06-01,Alice,Boonyasak,Plant 1,OVERHEAD - Training,6010,DESIGN - Member Design,Drafting,3.0
2026-06-01,Ruben,Castellanos,Plant 3,OVERHEAD - Training,6010,PM - Coordination,Engineering,6.0
2026-06-01,Ruben,Castellanos,Plant 3,25-1091 Kestrel Logistics Hub,5120,QC - Shop Review,Engineering,2.0
2026-06-01,Sam,Petrov,Plant 2,24-1207 Northgate Transit Center,5100,QC - Shop Review,QC,8.0
2026-06-01,Iris,Hollander,Plant 1,25-1091 Kestrel Logistics Hub,5120,ADMIN - Meetings,Engineering,8.0
2026-06-01,Kofi,Mensah,Plant 3,24-1180 Riverside Parking Structure,5100,DESIGN - Member Design,Drafting,8.0
2026-06-02,Marcus,Ohara,Plant 1,OVERHEAD - General Engineering,6000,DESIGN - Member Design,Engineering,2.0
2026-06-02,Marcus,Ohara,Plant 1,25-1130 Fairmount Stadium Risers,5120,ADMIN - Meetings,Engineering,0.5
2026-06-02,Marcus,Ohara,Plant 1,24-1207 Northgate Transit Center,5100,DRAFT - Erection Drawings,Engineering,5.5
2026-06-02,Priya,Raman,Plant 2,24-1180 Riverside Parking Structure,5100,ADMIN - Meetings,Engineering,6.0
2026-06-02,Priya,Raman,Plant 2,25-1002 Belmont Industrial Phase II,5110,DESIGN - Connection Design,Engineering,0.5
2026-06-02,Priya,Raman,Plant 2,24-1207 Northgate Transit Center,5100,PM - Coordination,Engineering,1.5
2026-06-02,Tomas,Lindqvist,Plant 2,25-1002 Belmont Industrial Phase II,5110,DESIGN - Member Design,Drafting,4.0
2026-06-02,Tomas,Lindqvist,Plant 2,25-1130 Fairmount Stadium Risers,5120,DRAFT - Erection Drawings,Drafting,3.0
2026-06-02,Tomas,Lindqvist,Plant 2,25-1044 Harborview Medical Deck,5110,DESIGN - Connection Design,Drafting,1.0
2026-06-02,Alice,Boonyasak,Plant 1,24-1207 Northgate Transit Center,5100,DESIGN - Member Design,Drafting,8.0
2026-06-02,Ruben,Castellanos,Plant 3,24-1180 Riverside Parking Structure,5100,PM - Coordination,Engineering,1.5
2026-06-02,Ruben,Castellanos,Plant 3,25-1002 Belmont Industrial Phase II,5110,DRAFT - Piece Tickets,Engineering,1.0
2026-06-02,Ruben,Castellanos,Plant 3,25-1002 Belmont Industrial Phase II,5110,DRAFT - Erection Drawings,Engineering,5.5
2026-06-02,Nia,Okonkwo,Plant 3,25-1044 Harborview Medical Deck,5110,DRAFT - Piece Tickets,QC,3.0
2026-06-02,Nia,Okonkwo,Plant 3,25-1002 Belmont Industrial Phase II,5110,PM - Coordination,QC,5.0
2026-06-02,Sam,Petrov,Plant 2,25-1044 Harborview Medical Deck,5110,DESIGN - Connection Design,QC,7.0
2026-06-02,Sam,Petrov,Plant 2,25-1091 Kestrel Logistics Hub,5120,ADMIN - Meetings,QC,0.5
2026-06-02,Sam,Petrov,Plant 2,25-1002 Belmont Industrial Phase II,5110,ADMIN - Meetings,QC,0.5
2026-06-02,Iris,Hollander,Plant 1,24-1180 Riverside Parking Structure,5100,DESIGN - Member Design,Engineering,2.0
2026-06-02,Iris,Hollander,Plant 1,OVERHEAD - Training,6010,ADMIN - Meetings,Engineering,6.0
2026-06-02,Kofi,Mensah,Plant 3,25-1091 Kestrel Logistics Hub,5120,DRAFT - Piece Tickets,Drafting,3.5
2026-06-02,Kofi,Mensah,Plant 3,25-1002 Belmont Industrial Phase II,5110,DRAFT - Erection Drawings,Drafting,4.5
2026-06-03,Dana,Whitfield,Plant 1,OVERHEAD - General Engineering,6000,QC - Shop Review,Engineering,7.0
2026-06-03,Dana,Whitfield,Plant 1,25-1091 Kestrel Logistics Hub,5120,DRAFT - Piece Tickets,Engineering,1.0
2026-06-03,Marcus,Ohara,Plant 1,OVERHEAD - Training,6010,DESIGN - Member Design,Engineering,6.5
2026-06-03,Marcus,Ohara,Plant 1,24-1180 Riverside Parking Structure,5100,DESIGN - Connection Design,Engineering,0.5
2026-06-03,Marcus,Ohara,Plant 1,25-1002 Belmont Industrial Phase II,5110,PM - Coordination,Engineering,1.0
2026-06-03,Priya,Raman,Plant 2,OVERHEAD - General Engineering,6000,ADMIN - Meetings,Engineering,8.0
2026-06-03,Tomas,Lindqvist,Plant 2,24-1180 Riverside Parking Structure,5100,DRAFT - Piece Tickets,Drafting,1.5
2026-06-03,Tomas,Lindqvist,Plant 2,24-1180 Riverside Parking Structure,5100,DESIGN - Connection Design,Drafting,6.5
2026-06-03,Alice,Boonyasak,Plant 1,24-1180 Riverside Parking Structure,5100,ADMIN - Meetings,Drafting,1.0
2026-06-03,Alice,Boonyasak,Plant 1,24-1207 Northgate Transit Center,5100,DRAFT - Erection Drawings,Drafting,7.0
2026-06-03,Ruben,Castellanos,Plant 3,25-1002 Belmont Industrial Phase II,5110,DRAFT - Piece Tickets,Engineering,7.5
2026-06-03,Ruben,Castellanos,Plant 3,24-1207 Northgate Transit Center,5100,QC - Shop Review,Engineering,0.5
2026-06-03,Sam,Petrov,Plant 2,25-1002 Belmont Industrial Phase II,5110,ADMIN - Meetings,QC,8.0
2026-06-03,Iris,Hollander,Plant 1,OVERHEAD - General Engineering,6000,ADMIN - Meetings,Engineering,7.5
2026-06-03,Iris,Hollander,Plant 1,25-1044 Harborview Medical Deck,5110,DESIGN - Member Design,Engineering,0.5
2026-06-04,Dana,Whitfield,Plant 1,25-1002 Belmont Industrial Phase II,5110,DESIGN - Connection Design,Engineering,3.0
2026-06-04,Dana,Whitfield,Plant 1,24-1207 Northgate Transit Center,5100,DESIGN - Connection Design,Engineering,0.5
2026-06-04,Dana,Whitfield,Plant 1,25-1044 Harborview Medical Deck,5110,DESIGN - Connection Design,Engineering,4.5
2026-06-04,Marcus,Ohara,Plant 1,OVERHEAD - Training,6010,DRAFT - Erection Drawings,Engineering,3.5
2026-06-04,Marcus,Ohara,Plant 1,OVERHEAD - Training,6010,DRAFT - Piece Tickets,Engineering,4.5
2026-06-04,Priya,Raman,Plant 2,24-1180 Riverside Parking Structure,5100,DRAFT - Erection Drawings,Engineering,1.0
2026-06-04,Priya,Raman,Plant 2,24-1180 Riverside Parking Structure,5100,QC - Shop Review,Engineering,7.0
2026-06-04,Alice,Boonyasak,Plant 1,25-1130 Fairmount Stadium Risers,5120,QC - Shop Review,Drafting,1.5
2026-06-04,Alice,Boonyasak,Plant 1,OVERHEAD - General Engineering,6000,PM - Coordination,Drafting,6.5
2026-06-04,Ruben,Castellanos,Plant 3,OVERHEAD - Training,6010,DESIGN - Member Design,Engineering,0.5
2026-06-04,Ruben,Castellanos,Plant 3,24-1207 Northgate Transit Center,5100,DESIGN - Connection Design,Engineering,5.5
2026-06-04,Ruben,Castellanos,Plant 3,24-1207 Northgate Transit Center,5100,ADMIN - Meetings,Engineering,2.0
2026-06-04,Nia,Okonkwo,Plant 3,OVERHEAD - Training,6010,PM - Coordination,QC,8.0
2026-06-04,Sam,Petrov,Plant 2,24-1180 Riverside Parking Structure,5100,DESIGN - Connection Design,QC,8.0
2026-06-04,Iris,Hollander,Plant 1,25-1002 Belmont Industrial Phase II,5110,DESIGN - Connection Design,Engineering,1.5
2026-06-04,Iris,Hollander,Plant 1,25-1091 Kestrel Logistics Hub,5120,DRAFT - Erection Drawings,Engineering,5.5
2026-06-04,Iris,Hollander,Plant 1,OVERHEAD - Training,6010,PM - Coordination,Engineering,1.0
2026-06-04,Kofi,Mensah,Plant 3,25-1002 Belmont Industrial Phase II,5110,PM - Coordination,Drafting,8.0
2026-06-05,Dana,Whitfield,Plant 1,OVERHEAD - General Engineering,6000,DRAFT - Piece Tickets,Engineering,2.0
2026-06-05,Dana,Whitfield,Plant 1,24-1207 Northgate Transit Center,5100,DESIGN - Connection Design,Engineering,6.0
2026-06-05,Marcus,Ohara,Plant 1,OVERHEAD - Training,6010,DESIGN - Member Design,Engineering,8.0
2026-06-05,Priya,Raman,Plant 2,25-1044 Harborview Medical Deck,5110,PM - Coordination,Engineering,8.0
2026-06-05,Alice,Boonyasak,Plant 1,25-1044 Harborview Medical Deck,5110,DESIGN - Member Design,Drafting,2.0
2026-06-05,Alice,Boonyasak,Plant 1,25-1130 Fairmount Stadium Risers,5120,PM - Coordination,Drafting,6.0
2026-06-05,Ruben,Castellanos,Plant 3,24-1180 Riverside Parking Structure,5100,DRAFT - Erection Drawings,Engineering,8.0
2026-06-05,Nia,Okonkwo,Plant 3,OVERHEAD - General Engineering,6000,DESIGN - Member Design,QC,8.0
2026-06-05,Sam,Petrov,Plant 2,OVERHEAD - Training,6010,PM - Coordination,QC,1.0
2026-06-05,Sam,Petrov,Plant 2,25-1130 Fairmount Stadium Risers,5120,DRAFT - Erection Drawings,QC,3.0
2026-06-05,Sam,Petrov,Plant 2,OVERHEAD - Training,6010,QC - Shop Review,QC,4.0
2026-06-05,Iris,Hollander,Plant 1,25-1091 Kestrel Logistics Hub,5120,DESIGN - Member Design,Engineering,8.0
2026-06-05,Kofi,Mensah,Plant 3,24-1180 Riverside Parking Structure,5100,QC - Shop Review,Drafting,2.5
2026-06-05,Kofi,Mensah,Plant 3,24-1180 Riverside Parking Structure,5100,PM - Coordination,Drafting,5.5
2026-06-08,Dana,Whitfield,Plant 1,24-1207 Northgate Transit Center,5100,QC - Shop Review,Engineering,4.5
2026-06-08,Dana,Whitfield,Plant 1,24-1207 Northgate Transit Center,5100,DESIGN - Connection Design,Engineering,3.5
2026-06-08,Marcus,Ohara,Plant 1,25-1002 Belmont Industrial Phase II,5110,DRAFT - Erection Drawings,Engineering,0.5
2026-06-08,Marcus,Ohara,Plant 1,24-1207 Northgate Transit Center,5100,DESIGN - Member Design,Engineering,7.5
2026-06-08,Priya,Raman,Plant 2,25-1044 Harborview Medical Deck,5110,DRAFT - Erection Drawings,Engineering,7.5
2026-06-08,Priya,Raman,Plant 2,OVERHEAD - Training,6010,QC - Shop Review,Engineering,0.5
2026-06-08,Tomas,Lindqvist,Plant 2,25-1044 Harborview Medical Deck,5110,ADMIN - Meetings,Drafting,5.5
2026-06-08,Tomas,Lindqvist,Plant 2,OVERHEAD - Training,6010,DESIGN - Member Design,Drafting,2.5
2026-06-08,Alice,Boonyasak,Plant 1,25-1002 Belmont Industrial Phase II,5110,DRAFT - Erection Drawings,Drafting,8.0
2026-06-08,Ruben,Castellanos,Plant 3,25-1091 Kestrel Logistics Hub,5120,DRAFT - Erection Drawings,Engineering,8.0
2026-06-08,Nia,Okonkwo,Plant 3,OVERHEAD - General Engineering,6000,PM - Coordination,QC,7.5
2026-06-08,Nia,Okonkwo,Plant 3,25-1002 Belmont Industrial Phase II,5110,DESIGN - Connection Design,QC,0.5
2026-06-08,Sam,Petrov,Plant 2,25-1002 Belmont Industrial Phase II,5110,DESIGN - Member Design,QC,8.0
2026-06-08,Iris,Hollander,Plant 1,24-1180 Riverside Parking Structure,5100,DRAFT - Piece Tickets,Engineering,0.5
2026-06-08,Iris,Hollander,Plant 1,25-1130 Fairmount Stadium Risers,5120,ADMIN - Meetings,Engineering,7.5
2026-06-08,Kofi,Mensah,Plant 3,25-1091 Kestrel Logistics Hub,5120,QC - Shop Review,Drafting,4.5
2026-06-08,Kofi,Mensah,Plant 3,24-1207 Northgate Transit Center,5100,DRAFT - Erection Drawings,Drafting,3.5
2026-06-09,Dana,Whitfield,Plant 1,25-1091 Kestrel Logistics Hub,5120,ADMIN - Meetings,Engineering,8.0
2026-06-09,Marcus,Ohara,Plant 1,25-1130 Fairmount Stadium Risers,5120,ADMIN - Meetings,Engineering,2.0
2026-06-09,Marcus,Ohara,Plant 1,25-1130 Fairmount Stadium Risers,5120,DRAFT - Erection Drawings,Engineering,3.0
2026-06-09,Marcus,Ohara,Plant 1,24-1180 Riverside Parking Structure,5100,DESIGN - Member Design,Engineering,3.0
2026-06-09,Priya,Raman,Plant 2,25-1002 Belmont Industrial Phase II,5110,DRAFT - Erection Drawings,Engineering,6.0
2026-06-09,Priya,Raman,Plant 2,OVERHEAD - Training,6010,DESIGN - Connection Design,Engineering,2.0
2026-06-09,Tomas,Lindqvist,Plant 2,OVERHEAD - General Engineering,6000,PM - Coordination,Drafting,2.0
2026-06-09,Tomas,Lindqvist,Plant 2,24-1207 Northgate Transit Center,5100,ADMIN - Meetings,Drafting,6.0
2026-06-09,Alice,Boonyasak,Plant 1,OVERHEAD - Training,6010,PM - Coordination,Drafting,6.0
2026-06-09,Alice,Boonyasak,Plant 1,25-1044 Harborview Medical Deck,5110,DESIGN - Connection Design,Drafting,2.0
2026-06-09,Nia,Okonkwo,Plant 3,25-1002 Belmont Industrial Phase II,5110,QC - Shop Review,QC,8.0
2026-06-09,Sam,Petrov,Plant 2,24-1207 Northgate Transit Center,5100,DESIGN - Connection Design,QC,8.0
2026-06-09,Iris,Hollander,Plant 1,25-1044 Harborview Medical Deck,5110,ADMIN - Meetings,Engineering,8.0
2026-06-09,Kofi,Mensah,Plant 3,25-1002 Belmont Industrial Phase II,5110,ADMIN - Meetings,Drafting,8.0
2026-06-10,Dana,Whitfield,Plant 1,25-1130 Fairmount Stadium Risers,5120,PM - Coordination,Engineering,8.0
2026-06-10,Marcus,Ohara,Plant 1,24-1207 Northgate Transit Center,5100,ADMIN - Meetings,Engineering,7.0
2026-06-10,Marcus,Ohara,Plant 1,OVERHEAD - Training,6010,DESIGN - Member Design,Engineering,1.0
2026-06-10,Priya,Raman,Plant 2,OVERHEAD - Training,6010,DRAFT - Piece Tickets,Engineering,2.0
2026-06-10,Priya,Raman,Plant 2,25-1002 Belmont Industrial Phase II,5110,QC - Shop Review,Engineering,1.0
2026-06-10,Priya,Raman,Plant 2,24-1207 Northgate Transit Center,5100,QC - Shop Review,Engineering,5.0
2026-06-10,Tomas,Lindqvist,Plant 2,OVERHEAD - Training,6010,ADMIN - Meetings,Drafting,5.5
2026-06-10,Tomas,Lindqvist,Plant 2,24-1207 Northgate Transit Center,5100,DESIGN - Member Design,Drafting,2.5
2026-06-10,Alice,Boonyasak,Plant 1,25-1002 Belmont Industrial Phase II,5110,DRAFT - Erection Drawings,Drafting,1.0
2026-06-10,Alice,Boonyasak,Plant 1,OVERHEAD - General Engineering,6000,ADMIN - Meetings,Drafting,5.0
2026-06-10,Alice,Boonyasak,Plant 1,25-1002 Belmont Industrial Phase II,5110,DRAFT - Erection Drawings,Drafting,2.0
2026-06-10,Ruben,Castellanos,Plant 3,25-1044 Harborview Medical Deck,5110,DRAFT - Erection Drawings,Engineering,8.0
2026-06-10,Nia,Okonkwo,Plant 3,25-1044 Harborview Medical Deck,5110,DESIGN - Member Design,QC,8.0
2026-06-10,Sam,Petrov,Plant 2,25-1130 Fairmount Stadium Risers,5120,DESIGN - Connection Design,QC,8.0
2026-06-10,Iris,Hollander,Plant 1,25-1044 Harborview Medical Deck,5110,DESIGN - Connection Design,Engineering,8.0
2026-06-10,Kofi,Mensah,Plant 3,25-1044 Harborview Medical Deck,5110,DRAFT - Piece Tickets,Drafting,6.0
2026-06-10,Kofi,Mensah,Plant 3,25-1044 Harborview Medical Deck,5110,DESIGN - Connection Design,Drafting,2.0
2026-06-11,Dana,Whitfield,Plant 1,25-1091 Kestrel Logistics Hub,5120,PM - Coordination,Engineering,8.0
2026-06-11,Marcus,Ohara,Plant 1,25-1130 Fairmount Stadium Risers,5120,ADMIN - Meetings,Engineering,8.0
2026-06-11,Priya,Raman,Plant 2,24-1207 Northgate Transit Center,5100,DESIGN - Member Design,Engineering,7.5
2026-06-11,Priya,Raman,Plant 2,OVERHEAD - Training,6010,DESIGN - Member Design,Engineering,0.5
2026-06-11,Tomas,Lindqvist,Plant 2,25-1130 Fairmount Stadium Risers,5120,DRAFT - Erection Drawings,Drafting,6.5
2026-06-11,Tomas,Lindqvist,Plant 2,24-1207 Northgate Transit Center,5100,ADMIN - Meetings,Drafting,1.5
2026-06-11,Alice,Boonyasak,Plant 1,25-1130 Fairmount Stadium Risers,5120,DESIGN - Member Design,Drafting,3.0
2026-06-11,Alice,Boonyasak,Plant 1,24-1180 Riverside Parking Structure,5100,DESIGN - Connection Design,Drafting,2.5
2026-06-11,Alice,Boonyasak,Plant 1,25-1044 Harborview Medical Deck,5110,PM - Coordination,Drafting,2.5
2026-06-11,Sam,Petrov,Plant 2,OVERHEAD - General Engineering,6000,DRAFT - Piece Tickets,QC,3.5
2026-06-11,Sam,Petrov,Plant 2,25-1130 Fairmount Stadium Risers,5120,DESIGN - Member Design,QC,1.5
2026-06-11,Sam,Petrov,Plant 2,25-1130 Fairmount Stadium Risers,5120,ADMIN - Meetings,QC,3.0
2026-06-11,Iris,Hollander,Plant 1,OVERHEAD - Training,6010,ADMIN - Meetings,Engineering,8.0
2026-06-11,Kofi,Mensah,Plant 3,25-1044 Harborview Medical Deck,5110,DESIGN - Connection Design,Drafting,8.0
2026-06-12,Dana,Whitfield,Plant 1,OVERHEAD - General Engineering,6000,ADMIN - Meetings,Engineering,8.0
2026-06-12,Priya,Raman,Plant 2,24-1180 Riverside Parking Structure,5100,ADMIN - Meetings,Engineering,8.0
2026-06-12,Tomas,Lindqvist,Plant 2,25-1130 Fairmount Stadium Risers,5120,DESIGN - Member Design,Drafting,3.5
2026-06-12,Tomas,Lindqvist,Plant 2,25-1130 Fairmount Stadium Risers,5120,DESIGN - Connection Design,Drafting,4.5
2026-06-12,Alice,Boonyasak,Plant 1,OVERHEAD - General Engineering,6000,QC - Shop Review,Drafting,8.0
2026-06-12,Ruben,Castellanos,Plant 3,24-1180 Riverside Parking Structure,5100,DESIGN - Member Design,Engineering,8.0
2026-06-12,Nia,Okonkwo,Plant 3,25-1091 Kestrel Logistics Hub,5120,DRAFT - Erection Drawings,QC,3.5
2026-06-12,Nia,Okonkwo,Plant 3,25-1002 Belmont Industrial Phase II,5110,PM - Coordination,QC,4.5
2026-06-12,Sam,Petrov,Plant 2,25-1091 Kestrel Logistics Hub,5120,DESIGN - Connection Design,QC,0.5
2026-06-12,Sam,Petrov,Plant 2,OVERHEAD - General Engineering,6000,PM - Coordination,QC,0.5
2026-06-12,Sam,Petrov,Plant 2,24-1207 Northgate Transit Center,5100,DESIGN - Member Design,QC,7.0
2026-06-12,Iris,Hollander,Plant 1,25-1130 Fairmount Stadium Risers,5120,ADMIN - Meetings,Engineering,4.0
2026-06-12,Iris,Hollander,Plant 1,OVERHEAD - Training,6010,ADMIN - Meetings,Engineering,2.0
2026-06-12,Iris,Hollander,Plant 1,24-1207 Northgate Transit Center,5100,QC - Shop Review,Engineering,2.0
2026-06-12,Kofi,Mensah,Plant 3,25-1091 Kestrel Logistics Hub,5120,ADMIN - Meetings,Drafting,8.0
2026-06-15,Dana,Whitfield,Plant 1,25-1091 Kestrel Logistics Hub,5120,ADMIN - Meetings,Engineering,8.0
2026-06-15,Marcus,Ohara,Plant 1,25-1091 Kestrel Logistics Hub,5120,QC - Shop Review,Engineering,8.0
2026-06-15,Priya,Raman,Plant 2,25-1044 Harborview Medical Deck,5110,ADMIN - Meetings,Engineering,8.0
2026-06-15,Tomas,Lindqvist,Plant 2,24-1207 Northgate Transit Center,5100,DRAFT - Piece Tickets,Drafting,0.5
2026-06-15,Tomas,Lindqvist,Plant 2,OVERHEAD - Training,6010,PM - Coordination,Drafting,2.0
2026-06-15,Tomas,Lindqvist,Plant 2,25-1044 Harborview Medical Deck,5110,ADMIN - Meetings,Drafting,5.5
2026-06-15,Alice,Boonyasak,Plant 1,OVERHEAD - Training,6010,ADMIN - Meetings,Drafting,6.5
2026-06-15,Alice,Boonyasak,Plant 1,24-1207 Northgate Transit Center,5100,DRAFT - Erection Drawings,Drafting,1.5
2026-06-15,Ruben,Castellanos,Plant 3,24-1207 Northgate Transit Center,5100,PM - Coordination,Engineering,8.0
2026-06-15,Nia,Okonkwo,Plant 3,OVERHEAD - General Engineering,6000,ADMIN - Meetings,QC,0.5
2026-06-15,Nia,Okonkwo,Plant 3,24-1207 Northgate Transit Center,5100,DRAFT - Erection Drawings,QC,7.5
2026-06-15,Sam,Petrov,Plant 2,25-1044 Harborview Medical Deck,5110,DESIGN - Connection Design,QC,4.0
2026-06-15,Sam,Petrov,Plant 2,24-1180 Riverside Parking Structure,5100,DRAFT - Erection Drawings,QC,4.0
2026-06-15,Iris,Hollander,Plant 1,24-1207 Northgate Transit Center,5100,DESIGN - Connection Design,Engineering,5.0
2026-06-15,Iris,Hollander,Plant 1,24-1180 Riverside Parking Structure,5100,DESIGN - Connection Design,Engineering,2.5
2026-06-15,Iris,Hollander,Plant 1,25-1130 Fairmount Stadium Risers,5120,DRAFT - Erection Drawings,Engineering,0.5
2026-06-15,Kofi,Mensah,Plant 3,25-1002 Belmont Industrial Phase II,5110,QC - Shop Review,Drafting,8.0
2026-06-16,Dana,Whitfield,Plant 1,OVERHEAD - Training,6010,ADMIN - Meetings,Engineering,8.0
2026-06-16,Marcus,Ohara,Plant 1,24-1207 Northgate Transit Center,5100,DRAFT - Erection Drawings,Engineering,4.5
2026-06-16,Marcus,Ohara,Plant 1,OVERHEAD - General Engineering,6000,PM - Coordination,Engineering,2.0
2026-06-16,Marcus,Ohara,Plant 1,24-1180 Riverside Parking Structure,5100,PM - Coordination,Engineering,1.5
2026-06-16,Priya,Raman,Plant 2,25-1002 Belmont Industrial Phase II,5110,DESIGN - Connection Design,Engineering,0.5
2026-06-16,Priya,Raman,Plant 2,25-1091 Kestrel Logistics Hub,5120,ADMIN - Meetings,Engineering,4.5
2026-06-16,Priya,Raman,Plant 2,24-1180 Riverside Parking Structure,5100,PM - Coordination,Engineering,3.0
2026-06-16,Tomas,Lindqvist,Plant 2,OVERHEAD - Training,6010,DRAFT - Erection Drawings,Drafting,4.5
2026-06-16,Tomas,Lindqvist,Plant 2,OVERHEAD - Training,6010,DRAFT - Erection Drawings,Drafting,1.5
2026-06-16,Tomas,Lindqvist,Plant 2,25-1130 Fairmount Stadium Risers,5120,DESIGN - Member Design,Drafting,2.0
2026-06-16,Alice,Boonyasak,Plant 1,OVERHEAD - General Engineering,6000,QC - Shop Review,Drafting,0.5
2026-06-16,Alice,Boonyasak,Plant 1,24-1207 Northgate Transit Center,5100,DRAFT - Piece Tickets,Drafting,2.5
2026-06-16,Alice,Boonyasak,Plant 1,25-1044 Harborview Medical Deck,5110,DRAFT - Erection Drawings,Drafting,5.0
2026-06-16,Ruben,Castellanos,Plant 3,25-1091 Kestrel Logistics Hub,5120,ADMIN - Meetings,Engineering,6.5
2026-06-16,Ruben,Castellanos,Plant 3,OVERHEAD - General Engineering,6000,DRAFT - Erection Drawings,Engineering,0.5
2026-06-16,Ruben,Castellanos,Plant 3,25-1130 Fairmount Stadium Risers,5120,DRAFT - Piece Tickets,Engineering,1.0
2026-06-16,Nia,Okonkwo,Plant 3,25-1044 Harborview Medical Deck,5110,DRAFT - Piece Tickets,QC,8.0
2026-06-16,Sam,Petrov,Plant 2,25-1130 Fairmount Stadium Risers,5120,PM - Coordination,QC,0.5
2026-06-16,Sam,Petrov,Plant 2,24-1180 Riverside Parking Structure,5100,DRAFT - Piece Tickets,QC,5.0
2026-06-16,Sam,Petrov,Plant 2,25-1091 Kestrel Logistics Hub,5120,DESIGN - Connection Design,QC,2.5
2026-06-16,Iris,Hollander,Plant 1,24-1180 Riverside Parking Structure,5100,PM - Coordination,Engineering,4.5
2026-06-16,Iris,Hollander,Plant 1,25-1130 Fairmount Stadium Risers,5120,ADMIN - Meetings,Engineering,0.5
2026-06-16,Iris,Hollander,Plant 1,24-1180 Riverside Parking Structure,5100,QC - Shop Review,Engineering,3.0
2026-06-16,Kofi,Mensah,Plant 3,25-1130 Fairmount Stadium Risers,5120,DESIGN - Member Design,Drafting,8.0
2026-06-17,Dana,Whitfield,Plant 1,25-1002 Belmont Industrial Phase II,5110,DESIGN - Connection Design,Engineering,0.5
2026-06-17,Dana,Whitfield,Plant 1,OVERHEAD - General Engineering,6000,ADMIN - Meetings,Engineering,4.5
2026-06-17,Dana,Whitfield,Plant 1,25-1002 Belmont Industrial Phase II,5110,DRAFT - Piece Tickets,Engineering,3.0
2026-06-17,Marcus,Ohara,Plant 1,25-1130 Fairmount Stadium Risers,5120,DESIGN - Member Design,Engineering,8.0
2026-06-17,Priya,Raman,Plant 2,24-1180 Riverside Parking Structure,5100,DESIGN - Connection Design,Engineering,7.5
2026-06-17,Priya,Raman,Plant 2,25-1091 Kestrel Logistics Hub,5120,DESIGN - Member Design,Engineering,0.5
2026-06-17,Tomas,Lindqvist,Plant 2,25-1002 Belmont Industrial Phase II,5110,PM - Coordination,Drafting,1.5
2026-06-17,Tomas,Lindqvist,Plant 2,25-1002 Belmont Industrial Phase II,5110,DRAFT - Erection Drawings,Drafting,6.5
2026-06-17,Alice,Boonyasak,Plant 1,24-1180 Riverside Parking Structure,5100,DRAFT - Piece Tickets,Drafting,8.0
2026-06-17,Ruben,Castellanos,Plant 3,OVERHEAD - General Engineering,6000,DRAFT - Erection Drawings,Engineering,4.5
2026-06-17,Ruben,Castellanos,Plant 3,25-1130 Fairmount Stadium Risers,5120,DESIGN - Connection Design,Engineering,3.5
2026-06-17,Sam,Petrov,Plant 2,25-1044 Harborview Medical Deck,5110,DESIGN - Member Design,QC,5.5
2026-06-17,Sam,Petrov,Plant 2,25-1044 Harborview Medical Deck,5110,DESIGN - Connection Design,QC,2.5
2026-06-17,Iris,Hollander,Plant 1,25-1044 Harborview Medical Deck,5110,DESIGN - Connection Design,Engineering,0.5
2026-06-17,Iris,Hollander,Plant 1,OVERHEAD - General Engineering,6000,PM - Coordination,Engineering,7.5
2026-06-17,Kofi,Mensah,Plant 3,25-1091 Kestrel Logistics Hub,5120,DESIGN - Member Design,Drafting,5.0
2026-06-17,Kofi,Mensah,Plant 3,24-1207 Northgate Transit Center,5100,ADMIN - Meetings,Drafting,3.0
2026-06-18,Dana,Whitfield,Plant 1,25-1002 Belmont Industrial Phase II,5110,DESIGN - Connection Design,Engineering,5.5
2026-06-18,Dana,Whitfield,Plant 1,25-1002 Belmont Industrial Phase II,5110,QC - Shop Review,Engineering,1.0
2026-06-18,Dana,Whitfield,Plant 1,OVERHEAD - Training,6010,DRAFT - Piece Tickets,Engineering,1.5
2026-06-18,Marcus,Ohara,Plant 1,OVERHEAD - General Engineering,6000,DRAFT - Piece Tickets,Engineering,4.5
2026-06-18,Marcus,Ohara,Plant 1,25-1091 Kestrel Logistics Hub,5120,DRAFT - Erection Drawings,Engineering,2.5
2026-06-18,Marcus,Ohara,Plant 1,24-1207 Northgate Transit Center,5100,DRAFT - Piece Tickets,Engineering,1.0
2026-06-18,Priya,Raman,Plant 2,25-1044 Harborview Medical Deck,5110,QC - Shop Review,Engineering,6.5
2026-06-18,Priya,Raman,Plant 2,24-1180 Riverside Parking Structure,5100,PM - Coordination,Engineering,1.0
2026-06-18,Priya,Raman,Plant 2,25-1044 Harborview Medical Deck,5110,DESIGN - Member Design,Engineering,0.5
2026-06-18,Tomas,Lindqvist,Plant 2,25-1091 Kestrel Logistics Hub,5120,QC - Shop Review,Drafting,1.0
2026-06-18,Tomas,Lindqvist,Plant 2,25-1091 Kestrel Logistics Hub,5120,ADMIN - Meetings,Drafting,7.0
2026-06-18,Ruben,Castellanos,Plant 3,OVERHEAD - General Engineering,6000,PM - Coordination,Engineering,8.0
2026-06-18,Sam,Petrov,Plant 2,25-1130 Fairmount Stadium Risers,5120,QC - Shop Review,QC,8.0
2026-06-18,Iris,Hollander,Plant 1,OVERHEAD - Training,6010,QC - Shop Review,Engineering,8.0
2026-06-18,Kofi,Mensah,Plant 3,OVERHEAD - General Engineering,6000,PM - Coordination,Drafting,8.0
2026-06-19,Dana,Whitfield,Plant 1,OVERHEAD - General Engineering,6000,DESIGN - Member Design,Engineering,3.0
2026-06-19,Dana,Whitfield,Plant 1,25-1002 Belmont Industrial Phase II,5110,QC - Shop Review,Engineering,1.5
2026-06-19,Dana,Whitfield,Plant 1,OVERHEAD - General Engineering,6000,ADMIN - Meetings,Engineering,3.5
2026-06-19,Marcus,Ohara,Plant 1,24-1180 Riverside Parking Structure,5100,DESIGN - Member Design,Engineering,0.5
2026-06-19,Marcus,Ohara,Plant 1,24-1180 Riverside Parking Structure,5100,DESIGN - Connection Design,Engineering,6.5
2026-06-19,Marcus,Ohara,Plant 1,24-1180 Riverside Parking Structure,5100,DESIGN - Connection Design,Engineering,1.0
2026-06-19,Priya,Raman,Plant 2,25-1002 Belmont Industrial Phase II,5110,DRAFT - Erection Drawings,Engineering,0.5
2026-06-19,Priya,Raman,Plant 2,25-1002 Belmont Industrial Phase II,5110,PM - Coordination,Engineering,2.0
2026-06-19,Priya,Raman,Plant 2,OVERHEAD - General Engineering,6000,DRAFT - Erection Drawings,Engineering,5.5
2026-06-19,Tomas,Lindqvist,Plant 2,25-1044 Harborview Medical Deck,5110,DRAFT - Piece Tickets,Drafting,8.0
2026-06-19,Alice,Boonyasak,Plant 1,24-1180 Riverside Parking Structure,5100,DESIGN - Member Design,Drafting,8.0
2026-06-19,Ruben,Castellanos,Plant 3,OVERHEAD - General Engineering,6000,DESIGN - Member Design,Engineering,6.5
2026-06-19,Ruben,Castellanos,Plant 3,25-1130 Fairmount Stadium Risers,5120,PM - Coordination,Engineering,1.0
2026-06-19,Ruben,Castellanos,Plant 3,25-1130 Fairmount Stadium Risers,5120,ADMIN - Meetings,Engineering,0.5
2026-06-19,Nia,Okonkwo,Plant 3,25-1044 Harborview Medical Deck,5110,DESIGN - Connection Design,QC,2.5
2026-06-19,Nia,Okonkwo,Plant 3,25-1002 Belmont Industrial Phase II,5110,QC - Shop Review,QC,5.5
2026-06-19,Sam,Petrov,Plant 2,25-1091 Kestrel Logistics Hub,5120,QC - Shop Review,QC,8.0
2026-06-19,Kofi,Mensah,Plant 3,24-1207 Northgate Transit Center,5100,DRAFT - Piece Tickets,Drafting,0.5
2026-06-19,Kofi,Mensah,Plant 3,OVERHEAD - Training,6010,PM - Coordination,Drafting,6.0
2026-06-19,Kofi,Mensah,Plant 3,25-1130 Fairmount Stadium Risers,5120,DESIGN - Member Design,Drafting,1.5
